id,alert,host_id,network_connectivity_check_tool:ping_output,network_connectivity_check_tool:telnet_output,monitor_process_check_tool:ps_output,monitor_process_check_tool:systemctl_output,hardware_check_tool:ipmi_output,telemetry_metrics_host_heartbeat_check_tool:heartbeat_check_output,label,host_performance_check_tool:top_output,host_performance_check_tool:ps_output,telemetry_metrics_host_performance_check_tool:performance_check_output
0,"{ ""alert_id"": 0, ""alert_name"": ""InstanceDown"", ""host_id"": ""test-instance-0.example.com"", ""severity"": ""critical"", ""description"": ""Instance test-instance-0.example.com is not available for scrapping for the last 5m. Please check: - instance is up and running; - monitoring service is in place and running; - network connectivity is ok"", ""summary"": ""Instance test-instance-0.example.com is down"", ""timestamp"": ""2025-04-28T05:00:00.000000"" }",test-instance-0.example.com,"PING 192.0.2.1 (192.0.2.1) 56(84) bytes of data.

  64 bytes from 192.0.2.1: icmp_seq=1 ttl=64 time=12.3 ms

  64 bytes from 192.0.2.1: icmp_seq=2 ttl=64 time=11.8 ms

  64 bytes from 192.0.2.1: icmp_seq=3 ttl=64 time=12.1 ms



  --- 192.0.2.1 ping statistics ---

  3 packets transmitted, 3 received, 0% packet loss, time 2001ms

  rtt min/avg/max/mdev = 11.8/12.0/12.3/0.2 ms","Trying 192.0.2.1...

  Connected to 192.0.2.1.

  Escape character is '^]'.

  SSH-2.0-OpenSSH_99.99p99 TestOS-9.9","telegraf 1234 1 0 10:00 ? 00:00:02 /usr/bin/telegraf --config /etc/telegraf/telegraf.conf

  user 5678 4321 0 10:05 pts/0 00:00:00 grep --color=auto telegraf","telegraf.service - The plugin-driven server agent for reporting metrics into InfluxDB

  Loaded: loaded (/lib/systemd/system/telegraf.service; enabled; vendor preset: enabled)

  Active: active (running) since Thu 2025-02-21 10:00:01 UTC; 5min ago

  Main PID: 1234 (telegraf)

  Tasks: 10 (limit: 4915)

  Memory: 25.1M

  CGroup: /system.slice/telegraf.service

  ‚îî‚îÄ1234 /usr/bin/telegraf --config /etc/telegraf/telegraf.conf","ID,Name,Type,State,Reading,Units,Event
  4,CPU Temp,Temperature,Nominal,52.00,C,'OK'
  71,PCH Temp,Temperature,Nominal,54.00,C,'OK'
  138,System Temp,Temperature,Nominal,38.00,C,'OK'
  205,Peripheral Temp,Temperature,Nominal,49.00,C,'OK'
  272,VcpuVRM Temp,Temperature,Nominal,48.00,C,'OK'
  339,VmemABVRM Temp,Temperature,Nominal,46.00,C,'OK'
  406,VmemCDVRM Temp,Temperature,Nominal,44.00,C,'OK'
  473,P1-DIMMA1 Temp,Temperature,Nominal,46.00,C,'OK'
  540,P1-DIMMB1 Temp,Temperature,Nominal,48.00,C,'OK'
  741,FAN,Fan,Nominal,5200.00,RPM,'OK'
  808,12V,Voltage,Nominal,11.81,V,'OK'
  875,5VCC,Voltage,Nominal,5.00,V,'OK'
  942,3.3VCC,Voltage,Nominal,3.30,V,'OK'
  1009,VBAT,Voltage,Nominal,3.02,V,'OK'
  1076,Vcpu,Voltage,Nominal,1.79,V,'OK'
  1143,VDIMMAB,Voltage,Nominal,1.17,V,'OK'
  1210,VDIMMCD,Voltage,Nominal,1.18,V,'OK'
  1277,5VSB,Voltage,Nominal,4.97,V,'OK'
  1344,3.3VSB,Voltage,Nominal,3.23,V,'OK'
  1411,1.5V PCH,Voltage,Nominal,1.52,V,'OK'
  1478,1.2V BMC,Voltage,Nominal,1.21,V,'OK'
  1545,1.05V PCH,Voltage,Nominal,1.04,V,'OK'
  1612,PS Status,Power Supply,Nominal,N/A,N/A,'Presence detected'","{'status': 'success', 'data': {'resultType': 'vector', 'result': [{'metric': {'__name__': 'up', 'instance': 'test-instance-0.example.com'}, 'value': [1740505200.14, '1']}]}}",false_positive,,,
1,"{ ""alert_id"": 1, ""alert_name"": ""InstanceDown"", ""host_id"": ""test-instance-1.example.com"", ""severity"": ""critical"", ""description"": ""Instance test-instance-1.example.com is not available for scrapping for the last 5m. Please check: - instance is up and running; - monitoring service is in place and running; - network connectivity is ok"", ""summary"": ""Instance test-instance-1.example.com is down"", ""timestamp"": ""2025-04-28T05:00:00.000000"" }",test-instance-1.example.com,"PING 10.137.66.34 (10.137.66.34) 56(84) bytes of data.

  From 10.137.66.34 icmp_seq=1 Destination Host Unreachable

  From 10.137.66.34 icmp_seq=2 Destination Host Unreachable

  From 10.137.66.34 icmp_seq=3 Destination Host Unreachable

  --- 10.137.66.34 ping statistics ---

  3 packets transmitted, 0 received, +3 errors, 100% packet loss, time 2012ms","telnet 10.137.66.34 22

  Trying 10.137.66.34...

  telnet: Unable to connect to remote host: Connection timed out",SSH connection failed,SSH connection failed,"ID | Name | Type | Reading | Units | Event
 4 | CPU Temp | Temperature | 45.00 | C | 'OK'
 71 | Inlet Temp | Temperature | 26.00 | C | 'OK'
 138 | System Temp | Temperature | 24.00 | C | 'OK'
 205 | Peripheral Temp | Temperature | 29.00 | C | 'OK'
 272 | CPU_VRM0 Temp | Temperature | 29.00 | C | 'OK'
 339 | CPU_VRM1 Temp | Temperature | 39.00 | C | 'OK'
 406 | SOC_VRM Temp | Temperature | 33.00 | C | 'OK'
 473 | VDDIO_VRM Temp | Temperature | 36.00 | C | 'OK'
 540 | DIMMA~F Temp | Temperature | 31.00 | C | 'OK'
 607 | DIMMG~L Temp | Temperature | 31.00 | C | 'OK'
 674 | MB 12V | Voltage | 12.08 | V | 'OK'
 741 | MB 5VCC | Voltage | 5.18 | V | 'OK'
 808 | MB 3.3VCC | Voltage | 3.40 | V | 'OK'
 875 | VBAT | Battery | N/A | N/A | 'battery presence detected'
 942 | MB 5VSB | Voltage | 5.14 | V | 'OK'
 1009 | MB 3.3VSB | Voltage | 3.34 | V | 'OK'
 1076 | MB 1.8VSB | Voltage | 1.83 | V | 'OK'
 1143 | BMC 2.5V | Voltage | 2.51 | V | 'OK'
 1210 | BMC 1.8V | Voltage | 1.81 | V | 'OK'
 1277 | BMC 1.2V | Voltage | 1.21 | V | 'OK'
 1344 | BMC 1.0V | Voltage | 1.02 | V | 'OK'
 1411 | CPU_VDDCR0 | Voltage | 1.19 | V | 'OK'
 1478 | CPU_SOC | Voltage | 0.97 | V | 'OK'
 1545 | CPU_VDDCR1 | Voltage | 1.17 | V | 'OK'
 1612 | CPU_VDDIO | Voltage | 1.09 | V | 'OK'
 1679 | FAN1 | Fan | 18480.00 | RPM | 'OK'
 1746 | FAN2 | Fan | 18340.00 | RPM | 'OK'
 1813 | FAN3 | Fan | 18480.00 | RPM | 'OK'
 1880 | FAN4 | Fan | 18340.00 | RPM | 'OK'
 1947 | FAN5 | Fan | 18200.00 | RPM | 'OK'
 2014 | FAN6 | Fan | 18480.00 | RPM | 'OK'
 2081 | M2_SSD1 Temp | Temperature | 25.00 | C | 'OK'
 2148 | M2_SSD2 Temp | Temperature | 32.00 | C | 'OK'
 2215 | Chassis Intru | Physical Security | N/A | N/A | 'General Chassis Intrusion'
 2416 | PS1 Status | Power Supply | N/A | N/A | 'Presence detected' 'Power Supply Failure detected' 'Power Supply input lost (AC/DC)'
 2483 | PS2 Status | Power Supply | N/A | N/A | 'Presence detected' 'Power Supply Failure detected' 'Power Supply input lost (AC/DC)'
 2550 | NVMe_SSDA Temp | Temperature | 28.00 | C | 'OK'
 2617 | AIOM_NIC1 Temp | Temperature | 81.00 | C | 'OK'","{'status': 'success', 'data': {'resultType': 'vector', 'result': []}}",hardware,,,
2,"{ ""alert_id"": 2, ""alert_name"": ""InstanceDown"", ""host_id"": ""test-instance-2.example.com"", ""severity"": ""critical"", ""description"": ""Instance test-instance-2.example.com is not available for scrapping for the last 5m. Please check: - instance is up and running; - monitoring service is in place and running; - network connectivity is ok"", ""summary"": ""Instance test-instance-2.example.com is down"", ""timestamp"": ""2025-04-28T05:00:00.000000"" }",test-instance-2.example.com,"PING 192.0.2.1 (192.0.2.1) 56(84) bytes of data.

  64 bytes from 192.0.2.1: icmp_seq=1 ttl=64 time=12.3 ms

  64 bytes from 192.0.2.1: icmp_seq=2 ttl=64 time=11.8 ms

  64 bytes from 192.0.2.1: icmp_seq=3 ttl=64 time=12.1 ms



  --- 192.0.2.1 ping statistics ---

  3 packets transmitted, 3 received, 0% packet loss, time 2001ms

  rtt min/avg/max/mdev = 11.8/12.0/12.3/0.2 ms","Trying 192.0.2.1...

  Connected to 192.0.2.1.

  Escape character is '^]'.

  SSH-2.0-OpenSSH_99.99p99 TestOS-9.9","ps -ef | grep telegraf

  user 5678 4321 0 10:05 pts/0 00:00:00 grep --color=auto telegraf","telegraf.service - The plugin-driven server agent for reporting metrics into InfluxDB

  Loaded: loaded (/lib/systemd/system/telegraf.service; enabled; vendor preset: enabled)

  Active: inactive (dead) since Thu 2025-02-21 10:00:01 UTC; 5min ago

  Main PID: 1234 (telegraf)

  Tasks: 10 (limit: 4915)

  Memory: 25.1M

  CGroup: /system.slice/telegraf.service

  ‚îî‚îÄ1234 /usr/bin/telegraf --config /etc/telegraf/telegraf.conf","ID,Name,Type,State,Reading,Units,Event
  4,CPU Temp,Temperature,Nominal,52.00,C,'OK'
  71,PCH Temp,Temperature,Nominal,54.00,C,'OK'
  138,System Temp,Temperature,Nominal,38.00,C,'OK'
  205,Peripheral Temp,Temperature,Nominal,49.00,C,'OK'
  272,VcpuVRM Temp,Temperature,Nominal,48.00,C,'OK'
  339,VmemABVRM Temp,Temperature,Nominal,46.00,C,'OK'
  406,VmemCDVRM Temp,Temperature,Nominal,44.00,C,'OK'
  473,P1-DIMMA1 Temp,Temperature,Nominal,46.00,C,'OK'
  540,P1-DIMMB1 Temp,Temperature,Nominal,48.00,C,'OK'
  741,FAN,Fan,Nominal,5200.00,RPM,'OK'
  808,12V,Voltage,Nominal,11.81,V,'OK'
  875,5VCC,Voltage,Nominal,5.00,V,'OK'
  942,3.3VCC,Voltage,Nominal,3.30,V,'OK'
  1009,VBAT,Voltage,Nominal,3.02,V,'OK'
  1076,Vcpu,Voltage,Nominal,1.79,V,'OK'
  1143,VDIMMAB,Voltage,Nominal,1.17,V,'OK'
  1210,VDIMMCD,Voltage,Nominal,1.18,V,'OK'
  1277,5VSB,Voltage,Nominal,4.97,V,'OK'
  1344,3.3VSB,Voltage,Nominal,3.23,V,'OK'
  1411,1.5V PCH,Voltage,Nominal,1.52,V,'OK'
  1478,1.2V BMC,Voltage,Nominal,1.21,V,'OK'
  1545,1.05V PCH,Voltage,Nominal,1.04,V,'OK'
  1612,PS Status,Power Supply,Nominal,N/A,N/A,'Presence detected'","{'status': 'success', 'data': {'resultType': 'vector', 'result': []}}",software,,,
3,"{ ""alert_id"": 3, ""alert_name"": ""InstanceDown"", ""host_id"": ""test-instance-3.example.com"", ""severity"": ""critical"", ""description"": ""Instance test-instance-3.example.com is not available for scrapping for the last 5m. Please check: - instance is up and running; - monitoring service is in place and running; - network connectivity is ok"", ""summary"": ""Instance test-instance-3.example.com is down"", ""timestamp"": ""2025-04-30T05:00:00.000000"" }",test-instance-3.example.com,"PING 192.0.2.1 (192.0.2.1) 56(84) bytes of data.

  64 bytes from 192.0.2.1: icmp_seq=1 ttl=64 time=12.3 ms

  64 bytes from 192.0.2.1: icmp_seq=2 ttl=64 time=11.8 ms

  64 bytes from 192.0.2.1: icmp_seq=3 ttl=64 time=12.1 ms



  --- 192.0.2.1 ping statistics ---

  3 packets transmitted, 3 received, 0% packet loss, time 2001ms

  rtt min/avg/max/mdev = 11.8/12.0/12.3/0.2 ms","Trying 192.0.2.1...

  Connected to 192.0.2.1.

  Escape character is '^]'.

  SSH-2.0-OpenSSH_99.99p99 TestOS-9.9","telegraf 1234 1 0 10:00 ? 00:00:02 /usr/bin/telegraf --config /etc/telegraf/telegraf.conf

  user 5678 4321 0 10:05 pts/0 00:00:00 grep --color=auto telegraf","telegraf.service - The plugin-driven server agent for reporting metrics into InfluxDB

  Loaded: loaded (/lib/systemd/system/telegraf.service; enabled; vendor preset: enabled)

  Active: active (running) since Thu 2025-02-21 10:00:01 UTC; 5min ago

  Main PID: 1234 (telegraf)

  Tasks: 10 (limit: 4915)

  Memory: 25.1M

  CGroup: /system.slice/telegraf.service

  ‚îî‚îÄ1234 /usr/bin/telegraf --config /etc/telegraf/telegraf.conf","ID | Name | Type | Reading | Units | Event
 4 | CPU Temp | Temperature | 45.00 | C | 'OK'
 71 | Inlet Temp | Temperature | 26.00 | C | 'OK'
 138 | System Temp | Temperature | 24.00 | C | 'OK'
 205 | Peripheral Temp | Temperature | 29.00 | C | 'OK'
 272 | CPU_VRM0 Temp | Temperature | 29.00 | C | 'OK'
 339 | CPU_VRM1 Temp | Temperature | 39.00 | C | 'OK'
 406 | SOC_VRM Temp | Temperature | 33.00 | C | 'OK'
 473 | VDDIO_VRM Temp | Temperature | 36.00 | C | 'OK'
 540 | DIMMA~F Temp | Temperature | 31.00 | C | 'OK'
 607 | DIMMG~L Temp | Temperature | 31.00 | C | 'OK'
 674 | MB 12V | Voltage | 12.08 | V | 'OK'
 741 | MB 5VCC | Voltage | 5.18 | V | 'OK'
 808 | MB 3.3VCC | Voltage | 3.40 | V | 'OK'
 875 | VBAT | Battery | N/A | N/A | 'battery presence detected'
 942 | MB 5VSB | Voltage | 5.14 | V | 'OK'
 1009 | MB 3.3VSB | Voltage | 3.34 | V | 'OK'
 1076 | MB 1.8VSB | Voltage | 1.83 | V | 'OK'
 1143 | BMC 2.5V | Voltage | 2.51 | V | 'OK'
 1210 | BMC 1.8V | Voltage | 1.81 | V | 'OK'
 1277 | BMC 1.2V | Voltage | 1.21 | V | 'OK'
 1344 | BMC 1.0V | Voltage | 1.02 | V | 'OK'
 1411 | CPU_VDDCR0 | Voltage | 1.19 | V | 'OK'
 1478 | CPU_SOC | Voltage | 0.97 | V | 'OK'
 1545 | CPU_VDDCR1 | Voltage | 1.17 | V | 'OK'
 1612 | CPU_VDDIO | Voltage | 1.09 | V | 'OK'
 1679 | FAN1 | Fan | 18480.00 | RPM | 'OK'
 1746 | FAN2 | Fan | 18340.00 | RPM | 'OK'
 1813 | FAN3 | Fan | 18480.00 | RPM | 'OK'
 1880 | FAN4 | Fan | 18340.00 | RPM | 'OK'
 1947 | FAN5 | Fan | 18200.00 | RPM | 'OK'
 2014 | FAN6 | Fan | 18480.00 | RPM | 'OK'
 2081 | M2_SSD1 Temp | Temperature | 25.00 | C | 'OK'
 2148 | M2_SSD2 Temp | Temperature | 32.00 | C | 'OK'
 2215 | Chassis Intru | Physical Security | N/A | N/A | 'General Chassis Intrusion'
 2416 | PS1 Status | Power Supply | N/A | N/A | 'Presence detected'
 2483 | PS2 Status | Power Supply | N/A | N/A | 'Presence detected' 'Power Supply Failure detected' 'Power Supply input lost (AC/DC)'
 2550 | NVMe_SSDA Temp | Temperature | 28.00 | C | 'OK'
 2617 | AIOM_NIC1 Temp | Temperature | 81.00 | C | 'OK'","{'status': 'success', 'data': {'resultType': 'vector', 'result': [{'metric': {'__name__': 'up', 'instance': 'test-instance-1.example.com'}, 'value': [1740505200.14, '1']}]}}",maintenance,,,
4,"{""alert_id"":4,""alert_name"":""CPUUsageHighError"",""host_id"":""test-instance-4.example.com"",""severity"":""error"",""description"":""CPU usage on test-instance-4.example.com is critically high (current value: 100%). Please check the following: - CPU usage trends across all cores; - running processes that may be causing high load; - potential hardware issues (e.g., I/O bottlenecks)."",""summary"":""High CPU usage detected on test-instance-4.example.com"",""timestamp"":""2025-05-01T02:00:00.000000""}",test-instance-4.example.com,,,,,"ID,Name,Type,State,Reading,Units,Event
4,CPU Temp,Temperature,Warning,90.00,C,'Threshold Exceeded'
71,PCH Temp,Temperature,Nominal,75.00,C,'OK'
138,System Temp,Temperature,Nominal,60.00,C,'OK'
205,Peripheral Temp,Temperature,Nominal,70.00,C,'OK'
272,VcpuVRM Temp,Temperature,Nominal,80.00,C,'OK'
339,VmemABVRM Temp,Temperature,Nominal,70.00,C,'OK'
406,VmemCDVRM Temp,Temperature,Nominal,68.00,C,'OK'
473,P1-DIMMA1 Temp,Temperature,Nominal,72.00,C,'OK'
540,P1-DIMMB1 Temp,Temperature,Nominal,74.00,C,'OK'
741,FAN,Fan,Nominal,8000.00,RPM,'OK'
808,12V,Voltage,Nominal,11.78,V,'OK'
875,5VCC,Voltage,Nominal,4.98,V,'OK'
942,3.3VCC,Voltage,Nominal,3.28,V,'OK'
1009,VBAT,Voltage,Nominal,3.01,V,'OK'
1076,Vcpu,Voltage,Nominal,1.82,V,'OK'
1143,VDIMMAB,Voltage,Nominal,1.18,V,'OK'
1210,VDIMMCD,Voltage,Nominal,1.19,V,'OK'
1277,5VSB,Voltage,Nominal,4.96,V,'OK'
1344,3.3VSB,Voltage,Nominal,3.22,V,'OK'
1411,1.5V PCH,Voltage,Nominal,1.53,V,'OK'
1478,1.2V BMC,Voltage,Nominal,1.22,V,'OK'
1545,1.05V PCH,Voltage,Nominal,1.03,V,'OK'
1612,PS Status,Power Supply,Nominal,N/A,N/A,'Presence detected'",,software,"top - 10:15:32 up 3 days, 5:22, 1 user, load average: 7.89, 6.75, 4.12

  Tasks: 312 total, 2 running, 310 sleeping, 0 stopped, 0 zombie

  %Cpu(s): 95.2 us, 2.5 sy, 0.0 ni, 2.0 id, 0.1 wa, 0.0 hi, 0.2 si, 0.0 st

  KiB Mem : 16271952 total, 8123456 free, 4032896 used, 4115600 buff/cache

  KiB Swap: 4194300 total, 0 free, 4194300 used. 1023456 avail Mem



  PID USER PR NI VIRT RES SHR S %CPU %MEM TIME+ COMMAND

  1234 root 20 0 1.5g 500m 100m R 92.3 3.1 12:35.45 java

  5678 appuser 20 0 800m 250m 50m S 65.7 1.5 7:20.12 python","PID PPID CMD %CPU

  1234 1 /usr/bin/java -jar app.jar 92.3

  5678 1234 /usr/bin/python3 script.py 65.7

  9012 5678 /usr/bin/node server.js 45.2

  3456 9012 /usr/sbin/apache2 -k start 35.8","{""status"": ""success"", ""data"": {""resultType"": ""matrix"", ""result"": [{""metric"": {""cpu"": ""cpu-total"", ""hostname"": ""test-instance-4.example.com"", ""instance"": ""test-instance-4.example.com"", ""location"": ""location1"", ""region"": ""region1""}, ""values"":  [[1736823432, ""4.542071366144043""], [1736825232, ""4.981289544766298""], [1736827032, ""4.155593455923524""], [1736828832, ""5.1068918710439135""], [1736830632, ""5.009989492754902""], [1736832432, ""5.077877037085955""], [1736834232, ""5.2477604587660265""], [1736836032, ""5.229225443884467""], [1736837832, ""4.689232502423353""], [1736839632, ""4.964557270758306""], [1736841432, ""4.969612167513469""], [1736843232, ""4.964207557657671""], [1736845032, ""5.055496896669977""], [1736846832, ""4.943984377934774""], [1736848632, ""4.663036351372287""], [1736850432, ""4.69935237955378""], [1736852232, ""5.259305463266945""], [1736854032, ""5.31221339821384""], [1736855832, ""5.12671117804894""], [1736857632, ""5.273587229387858""], [1736859432, ""5.102923681860898""], [1736861232, ""4.8716287664375""], [1736863032, ""5.5269968755341585""], [1736864832, ""4.624212712534136""], [1736866632, ""4.7118100166811585""], [1736868432, ""5.126807268234611""], [1736870232, ""5.1819663678817545""], [1736872032, ""5.620455335333323""], [1736873832, ""4.979526822823262""], [1736875632, ""4.875764638673068""], [1736877432, ""4.835087224946996""], [1736879232, ""4.843735298581947""], [1736881032, ""4.9308160811882615""], [1736882832, ""5.377612858545468""], [1736884632, ""5.083602284094749""], [1736886432, ""4.871253443897514""], [1736888232, ""4.807454581748132""], [1736890032, ""5.02219217108346""], [1736891832, ""5.364502670782381""], [1736893632, ""5.330094232135829""], [1736895432, ""5.074118259076492""], [1736897232, ""5.2119477625517705""], [1736899032, ""5.505731122473251""], [1736900832, ""4.9284349466553055""], [1736902632, ""4.928919910742822""], [1736904432, ""4.84230251343379""], [1736906232, ""5.062248305730918""], [1736908032, ""4.882542339633086""], [1736909832, ""4.945611825912651""], [1736911632, ""5.212114221285091""], [1736913432, ""4.870200403287355""], [1736915232, ""5.001050462895156""], [1736917032, ""5.327792491919333""], [1736918832, ""4.527364459764915""], [1736920632, ""5.389491868379278""], [1736922432, ""5.292527172735367""], [1736924232, ""5.1295189395959735""], [1736926032, ""5.077140196888887""], [1736927832, ""4.999449526210207""], [1736929632, ""4.544813256093859""], [1736931432, ""4.87284334137008""], [1736933232, ""4.94347992919446""], [1736935032, ""4.937020209329133""], [1736936832, ""4.837404601576827""], [1736938632, ""4.810564926912024""], [1736940432, ""4.880233334208519""], [1736942232, ""4.474648617543807""], [1736944032, ""5.289272044772138""], [1736945832, ""5.450319847970133""], [1736947632, ""4.63339705535621""], [1736949432, ""5.1550437780808664""], [1736951232, ""5.155774449286653""], [1736953032, ""4.646472920452745""], [1736954832, ""4.892577239745653""], [1736956632, ""5.350056156979061""], [1736958432, ""5.4361796592563""], [1736960232, ""4.590197511577717""], [1736962032, ""4.739318720550968""], [1736963832, ""4.914503721674411""], [1736965632, ""4.842065276763114""], [1736967432, ""4.979685803454482""], [1736969232, ""5.3772207597847""], [1736971032, ""4.619653773660331""], [1736972832, ""4.637964865771077""], [1736974632, ""5.181922334036322""], [1736976432, ""4.578130026653921""], [1736978232, ""4.743491322520568""], [1736980032, ""4.9514283100359435""], [1736981832, ""5.321315469118396""], [1736983632, ""4.975404552108206""], [1736985432, ""4.7172612574806605""], [1736987232, ""4.88572955218458""], [1736989032, ""4.952371951642688""], [1736990832, ""5.298064217021805""], [1736992632, ""5.078662419481241""], [1736994432, ""5.321699519544366""], [1736996232, ""4.830283167350206""], [1736998032, ""5.023359385045446""], [1736999832, ""5.002725410534451""], [1737001632, ""4.649877485424115""], [1737003432, ""4.67005528984905""], [1737005232, ""4.831474162951453""], [1737007032, ""4.581470970710658""], [1737008832, ""4.853129389058523""], [1737010632, ""5.155324260031933""], [1737012432, ""4.4222892852040685""], [1737014232, ""4.85446103992339""], [1737016032, ""4.941159619709134""], [1737017832, ""5.398104544782364""], [1737019632, ""5.027334944942316""], [1737021432, ""5.2330321561863915""], [1737023232, ""5.374942145986338""], [1737025032, ""5.248319202370669""], [1737026832, ""5.657016508107905""], [1737028632, ""5.037165817439026""], [1737030432, ""5.279026461662777""], [1737032232, ""4.911585596595937""], [1737034032, ""5.128447799200769""], [1737035832, ""4.930909330934822""], [1737037632, ""5.219740640055568""], [1737039432, ""5.077059533128595""], [1737041232, ""4.8259945725828866""], [1737043032, ""4.885698977613845""], [1737044832, ""4.886204849370805""], [1737046632, ""4.8876327736948335""], [1737048432, ""5.2208900570201635""], [1737050232, ""4.930690181437495""], [1737052032, ""5.24030297503476""], [1737053832, ""5.396561613339191""], [1737055632, ""5.439031831471368""], [1737057432, ""5.128567066750582""], [1737059232, ""4.715715933801748""], [1737061032, ""5.294614499941611""], [1737062832, ""4.6307072938559175""], [1737064632, ""4.914203320136962""], [1737066432, ""4.5680132479077535""], [1737068232, ""4.816743142882368""], [1737070032, ""4.809473581569377""], [1737071832, ""4.789963450481649""], [1737073632, ""4.992764965392983""], [1737075432, ""5.156586819356186""], [1737077232, ""5.498825875447612""], [1737079032, ""4.870487747662205""], [1737080832, ""5.181146621644389""], [1737082632, ""4.891378329940785""], [1737084432, ""4.940045262190644""], [1737086232, ""4.55589522913789""], [1737088032, ""4.952531184544137""], [1737089832, ""4.830039504935972""], [1737091632, ""4.6729081888084""], [1737093432, ""4.56871238078078""], [1737095232, ""4.758522798613272""], [1737097032, ""4.670443442261321""], [1737098832, ""4.87561400136206""], [1737100632, ""5.08276856444412""], [1737102432, ""4.729056052427844""], [1737104232, ""5.297057883371461""], [1737106032, ""5.001908460282068""], [1737107832, ""4.772176063703836""], [1737109632, ""5.081313117336537""], [1737111432, ""5.067651246630551""], [1737113232, ""4.968979952379885""], [1737115032, ""5.2920912450073425""], [1737116832, ""5.200508597200263""], [1737118632, ""4.6547614897185765""], [1737120432, ""5.050942250718289""], [1737122232, ""5.304708892979821""], [1737124032, ""5.721699019574282""], [1737125832, ""4.471183163620336""], [1737127632, ""4.897382522187688""], [1737129432, ""5.121909096351147""], [1737131232, ""4.617218767606494""], [1737133032, ""4.977284083555571""], [1737134832, ""5.30673132206775""], [1737136632, ""5.124983161269858""], [1737138432, ""4.743574451175917""], [1737140232, ""4.815427861040849""], [1737142032, ""4.678099705134346""], [1737143832, ""5.245025314870116""], [1737145632, ""5.319054944389446""], [1737147432, ""5.00072309002863""], [1737149232, ""4.640577693261777""], [1737151032, ""5.217759386057041""], [1737152832, ""4.817463223634254""], [1737154632, ""5.391992088306402""], [1737156432, ""4.751001897155009""], [1737158232, ""4.8847099933054565""], [1737160032, ""4.517877035896801""], [1737161832, ""5.105357137199671""], [1737163632, ""5.086145752666242""], [1737165432, ""4.856573702776689""], [1737167232, ""4.856685877952122""], [1737169032, ""5.1127626548394645""], [1737170832, ""4.632375729016753""], [1737172632, ""4.592976190606269""], [1737174432, ""5.133083319488435""], [1737176232, ""5.0226417127748535""], [1737178032, ""4.932452049667""], [1737179832, ""4.736141283553201""], [1737181632, ""5.096624377069806""], [1737183432, ""5.075036076410616""], [1737185232, ""4.71411799873265""], [1737187032, ""4.988908133518581""], [1737188832, ""4.905976280952049""], [1737190632, ""5.218959416944617""], [1737192432, ""4.524181994988429""], [1737194232, ""5.193062848108766""], [1737196032, ""5.102765758620967""], [1737197832, ""4.90857081730722""], [1737199632, ""4.630453460262154""], [1737201432, ""4.8869836816296415""], [1737203232, ""4.816227342736004""], [1737205032, ""4.890236980540645""], [1737206832, ""5.016972842038127""], [1737208632, ""4.9885559715970755""], [1737210432, ""5.183924231201972""], [1737212232, ""4.874715601174062""], [1737214032, ""5.002800483406931""], [1737215832, ""4.790471622105966""], [1737217632, ""4.724922019647494""], [1737219432, ""4.94132132515147""], [1737221232, ""4.968176448141389""], [1737223032, ""5.121399136188656""], [1737224832, ""4.982099524236281""], [1737226632, ""5.2262248160158675""], [1737228432, ""5.086325320015365""], [1737230232, ""4.79090718519408""], [1737232032, ""4.8156620253594475""], [1737233832, ""4.898165712990272""], [1737235632, ""4.9220319902974285""], [1737237432, ""5.432703736946""], [1737239232, ""4.806404476532884""], [1737241032, ""4.519970903194282""], [1737242832, ""4.871530647283031""], [1737244632, ""4.5855798758520985""], [1737246432, ""4.877472601880771""], [1737248232, ""5.154498531816203""], [1737250032, ""5.057509711084705""], [1737251832, ""5.0533076119173925""], [1737253632, ""4.702785666851666""], [1737255432, ""4.732350499085513""], [1737257232, ""5.075875973112837""], [1737259032, ""5.20848985531462""], [1737260832, ""5.12310330978274""], [1737262632, ""5.673708280293079""], [1737264432, ""5.182506543041148""], [1737266232, ""4.925996862867756""], [1737268032, ""4.805397638324418""], [1737269832, ""4.967370754728229""], [1737271632, ""5.255497740346637""], [1737273432, ""5.174300860836915""], [1737275232, ""5.210128166812449""], [1737277032, ""5.161938806412448""], [1737278832, ""4.903918207580692""], [1737280632, ""4.988242863648015""], [1737282432, ""5.635086024082101""], [1737284232, ""5.117043026263726""], [1737286032, ""4.99867213114323""], [1737287832, ""4.991771931838259""], [1737289632, ""4.832428652275572""], [1737291432, ""4.793764941356493""], [1737293232, ""5.227698225179825""], [1737295032, ""4.657810970092329""], [1737296832, ""4.942024809123033""], [1737298632, ""4.844623791659413""], [1737300432, ""5.032945306264809""], [1737302232, ""4.965278977407761""], [1737304032, ""4.96444656769513""], [1737305832, ""5.27116342563671""], [1737307632, ""4.339877276375584""], [1737309432, ""5.006759356367913""], [1737311232, ""5.088175752430083""], [1737313032, ""4.960188080082537""], [1737314832, ""4.994405887488988""], [1737316632, ""4.496021366753225""], [1737318432, ""4.846598543235174""], [1737320232, ""5.1752169195384985""], [1737322032, ""4.905474217808593""], [1737323832, ""4.876234943094624""], [1737325632, ""5.268988191624602""], [1737327432, ""4.799057998778801""], [1737329232, ""5.369777225610519""], [1737331032, ""5.262918578807024""], [1737332832, ""5.431835664511309""], [1737334632, ""4.8691694941193004""], [1737336432, ""5.161860465709909""], [1737338232, ""4.877839215773861""], [1737340032, ""5.221636639302239""], [1737341832, ""4.909808454702117""], [1737343632, ""5.50638020515036""], [1737345432, ""5.258373856645307""], [1737347232, ""4.5117642900000625""], [1737349032, ""5.143694898162958""], [1737350832, ""5.237076261428614""], [1737352632, ""4.911741644444939""], [1737354432, ""5.082797728984882""], [1737356232, ""4.516189864513235""], [1737358032, ""4.8118401554998895""], [1737359832, ""4.680341326539228""], [1737361632, ""5.229051594663526""], [1737363432, ""5.180944646939509""], [1737365232, ""5.000157332457623""], [1737367032, ""4.781741541721326""], [1737368832, ""5.040828809325569""], [1737370632, ""4.995970040680576""], [1737372432, ""5.1464481213110105""], [1737374232, ""4.932669677221576""], [1737376032, ""5.172765013064752""], [1737377832, ""5.211314418903379""], [1737379632, ""5.193415094801932""], [1737381432, ""5.214066461004022""], [1737383232, ""5.18226597054913""], [1737385032, ""5.409284973206456""], [1737386832, ""5.050239486740834""], [1737388632, ""4.918475421461377""], [1737390432, ""4.8484804146163585""], [1737392232, ""4.873953925299285""], [1737394032, ""4.738114319674398""], [1737395832, ""5.064327297331526""], [1737397632, ""4.687584797258121""], [1737399432, ""4.955113034581332""], [1737401232, ""5.139290426652492""], [1737403032, ""4.946456836814516""], [1737404832, ""5.03345629807671""], [1737406632, ""5.213850722728571""], [1737408432, ""5.2623097339007066""], [1737410232, ""4.937353302135916""], [1737412032, ""5.473353067328355""], [1737413832, ""5.268723939685921""], [1737415632, ""5.224400812878695""], [1737417432, ""5.252264441764414""], [1737419232, ""5.163585438571343""], [1737421032, ""5.087591118098774""], [1737422832, ""4.8036227622942""], [1737424632, ""5.186185128865488""], [1737426432, ""5.152158799645713""], [1737428232, ""4.999359537576849""], [1737430032, ""4.821760405595641""], [1737431832, ""5.188701697510307""], [1737433632, ""5.150508426845186""], [1737435432, ""5.013874119578322""], [1737437232, ""5.126248920020676""], [1737439032, ""5.152225301658433""], [1737440832, ""5.009363892498698""], [1737442632, ""4.980239360859178""], [1737444432, ""4.982367213569625""], [1737446232, ""5.0205806069235805""], [1737448032, ""5.401897396832879""], [1737449832, ""4.787417261570778""], [1737451632, ""5.0961957842332515""], [1737453432, ""4.72836063512776""], [1737455232, ""5.400521783190519""], [1737457032, ""5.042289226688092""], [1737458832, ""4.962301915073038""], [1737460632, ""4.985342909944676""], [1737462432, ""4.901461937537071""], [1737464232, ""4.983600289481392""], [1737466032, ""4.650302730499159""], [1737467832, ""5.158134050814364""], [1737469632, ""4.8967189458515525""], [1737471432, ""4.939552429185414""], [1737473232, ""4.9860342100997945""], [1737475032, ""4.924982098923068""], [1737476832, ""4.978120668294878""], [1737478632, ""4.885112881173392""], [1737480432, ""4.866474124192762""], [1737482232, ""5.57624286812964""], [1737484032, ""5.518317168136147""], [1737485832, ""4.966700040806366""], [1737487632, ""4.91246076576067""], [1737489432, ""4.983400900290486""], [1737491232, ""5.0732846724848315""], [1737493032, ""4.991783551155774""], [1737494832, ""5.063538372243644""], [1737496632, ""5.497401446422469""], [1737498432, ""4.728222222987384""], [1737500232, ""5.2755032986610235""], [1737502032, ""5.063059802368163""], [1737503832, ""4.948107101723989""], [1737505632, ""5.337861443745945""], [1737507432, ""5.236587828747546""], [1737509232, ""5.333959372417823""], [1737511032, ""5.403233527509145""], [1737512832, ""4.933342612357889""], [1737514632, ""5.102489694007922""], [1737516432, ""5.272210875578245""], [1737518232, ""4.995765160431227""], [1737520032, ""4.514796026473115""], [1737521832, ""4.912125262421519""], [1737523632, ""5.329743748027953""], [1737525432, ""5.091555714375663""], [1737527232, ""5.156492000022323""], [1737529032, ""4.676532778180215""], [1737530832, ""4.8175483030607475""], [1737532632, ""4.492140087409757""], [1737534432, ""5.3709406259756935""], [1737536232, ""5.211441078552317""], [1737538032, ""5.37728015682482""], [1737539832, ""5.232131904214684""], [1737541632, ""4.87110817225715""], [1737543432, ""4.956107727300993""], [1737545232, ""5.230874371128176""], [1737547032, ""5.447409555844298""], [1737548832, ""4.569003381875403""], [1737550632, ""5.440621861881519""], [1737552432, ""5.114459114252066""], [1737554232, ""5.270508714887636""], [1737556032, ""5.176720685195796""], [1737557832, ""5.364228887921503""], [1737559632, ""5.313874266967169""], [1737561432, ""4.813706840872585""], [1737563232, ""5.309452275234309""], [1737565032, ""4.911711879483781""], [1737566832, ""5.083309615119659""], [1737568632, ""5.190009303788685""], [1737570432, ""4.667825071759718""], [1737572232, ""4.708103187970816""], [1737574032, ""4.547970507498391""], [1737575832, ""4.74812440760792""], [1737577632, ""4.915750230638909""], [1737579432, ""5.4633106431606056""], [1737581232, ""5.345929900614266""], [1737583032, ""5.155001900629301""], [1737584832, ""5.139008812591298""], [1737586632, ""4.969435220252119""], [1737588432, ""5.149765626186809""], [1737590232, ""5.1159984591330385""], [1737592032, ""5.030890492617075""], [1737593832, ""4.718978998942899""], [1737595632, ""5.164621161047224""], [1737597432, ""4.953518792069105""], [1737599232, ""4.771716988434496""], [1737601032, ""5.366179682760377""], [1737602832, ""5.134351701017493""], [1737604632, ""4.798436277388652""], [1737606432, ""5.0453348548847385""], [1737608232, ""4.573075327273272""], [1737610032, ""4.9386679451694855""], [1737611832, ""4.859480202866368""], [1737613632, ""4.906372339956547""], [1737615432, ""5.1881462901797795""], [1737617232, ""5.026549902256261""], [1737619032, ""5.032551071547048""], [1737620832, ""5.232425751446829""], [1737622632, ""4.770627926335123""], [1737624432, ""5.076544735009844""], [1737626232, ""4.557906228395671""], [1737628032, ""4.99069698924013""], [1737629832, ""5.1881583896293035""], [1737631632, ""4.603171242393855""], [1737633432, ""5.198291879712963""], [1737635232, ""5.020664035835698""], [1737637032, ""4.913267687815535""], [1737638832, ""5.036920007622965""], [1737640632, ""5.451877520707228""], [1737642432, ""4.874352453016184""], [1737644232, ""4.95470028160678""], [1737646032, ""5.0735158446921345""], [1737647832, ""5.564688723613937""], [1737649632, ""4.943066689638354""], [1737651432, ""4.975519773187354""], [1737653232, ""4.814503361303182""], [1737655032, ""4.858426439240006""], [1737656832, ""4.779812358448565""], [1737658632, ""4.777462373697277""], [1737660432, ""5.351580713593381""], [1737662232, ""4.955292691390723""], [1737664032, ""5.137492883494474""], [1737665832, ""5.134638976365512""], [1737667632, ""5.206073705648295""], [1737669432, ""4.951401416609165""], [1737671232, ""5.110862361302678""], [1737673032, ""5.005876973169627""], [1737674832, ""4.826522563766461""], [1737676632, ""5.128597548534805""], [1737678432, ""4.777328419362466""], [1737680232, ""4.792258937824365""], [1737682032, ""5.312627286329281""], [1737683832, ""4.762006723076993""], [1737685632, ""5.2255221727419405""], [1737687432, ""5.086613219729918""], [1737689232, ""4.984994513210133""], [1737691032, ""5.391110906538694""], [1737692832, ""5.13430394084836""], [1737694632, ""5.43954307382982""], [1737696432, ""4.376933306344031""], [1737698232, ""5.044939791385034""], [1737700032, ""5.015616198714787""], [1737701832, ""4.927541476074442""], [1737703632, ""5.379635511626906""], [1737705432, ""5.147541806741715""], [1737707232, ""5.038982159664886""], [1737709032, ""4.926207541995539""], [1737710832, ""4.94904129370085""], [1737712632, ""5.099717003321799""], [1737714432, ""5.159346776163949""], [1737716232, ""4.8645124374731665""], [1737718032, ""5.196817214131108""], [1737719832, ""4.643702622468746""], [1737721632, ""5.178843361781464""], [1737723432, ""5.047719936831626""], [1737725232, ""4.9476913647625524""], [1737727032, ""5.0293316477387""], [1737728832, ""4.852558102019927""], [1737730632, ""4.731818085365543""], [1737732432, ""4.953653644017878""], [1737734232, ""4.9860542788944""], [1737736032, ""5.085483958534494""], [1737737832, ""4.834449571346149""], [1737739632, ""4.682464230675768""], [1737741432, ""4.60010178667614""], [1737743232, ""4.7905362139546925""], [1737745032, ""5.155033698438149""], [1737746832, ""4.867968926886454""], [1737748632, ""5.144245775150803""], [1737750432, ""4.921082106671631""], [1737752232, ""4.855437267832368""], [1737754032, ""4.8759230707811785""], [1737755832, ""5.269788867052729""], [1737757632, ""4.683093071967297""], [1737759432, ""5.269147398477358""], [1737761232, ""4.869003265691586""], [1737763032, ""5.284616380797761""], [1737764832, ""4.676199766416626""], [1737766632, ""4.949375143660314""], [1737768432, ""5.38063205464009""], [1737770232, ""5.007680503187596""], [1737772032, ""5.71073289900568""], [1737773832, ""5.053812887241062""], [1737775632, ""5.072754796572382""], [1737777432, ""4.946558866048141""], [1737779232, ""5.188255780248918""], [1737781032, ""5.090282660869639""], [1737782832, ""5.003076296846442""], [1737784632, ""5.191148822011613""], [1737786432, ""4.340716410662545""], [1737788232, ""5.271491352035547""], [1737790032, ""5.284374782108886""], [1737791832, ""4.328218428604608""], [1737793632, ""5.157979933836551""], [1737795432, ""4.953252368728679""], [1737797232, ""4.899910660058117""], [1737799032, ""4.721087154738753""], [1737800832, ""4.754319619896313""], [1737802632, ""4.790757268132256""], [1737804432, ""5.036951483866055""], [1737806232, ""4.79027069399935""], [1737808032, ""5.13103650749082""], [1737809832, ""5.080874434872051""], [1737811632, ""5.191387921780763""], [1737813432, ""4.77501633596568""], [1737815232, ""5.172385923071383""], [1737817032, ""4.884046756841081""], [1737818832, ""4.927566818764805""], [1737820632, ""5.335646144695711""], [1737822432, ""4.662808410369694""], [1737824232, ""4.626678353860153""], [1737826032, ""4.8689706450957475""], [1737827832, ""4.700315705815487""], [1737829632, ""4.602020578318618""], [1737831432, ""4.878048449481955""], [1737833232, ""4.88454913742186""], [1737835032, ""5.317347957611888""], [1737836832, ""4.576705296504275""], [1737838632, ""4.839635700511427""], [1737840432, ""4.784745081607128""], [1737842232, ""4.843589853467155""], [1737844032, ""4.693925182170776""], [1737845832, ""4.9911909306699895""], [1737847632, ""4.75789854075311""], [1737849432, ""5.182156146500632""], [1737851232, ""5.0893029878959535""], [1737853032, ""4.828035626446958""], [1737854832, ""4.78503109261098""], [1737856632, ""5.035117460233649""], [1737858432, ""4.639646446038697""], [1737860232, ""5.145470328971865""], [1737862032, ""5.484375987960609""], [1737863832, ""4.7880434271238315""], [1737865632, ""4.939899379716765""], [1737867432, ""5.073741664958895""], [1737869232, ""5.115197078217377""], [1737871032, ""4.727683901428819""], [1737872832, ""4.897560787471858""], [1737874632, ""5.601133712959749""], [1737876432, ""5.087971444816664""], [1737878232, ""5.014468063181586""], [1737880032, ""4.704516130654269""], [1737881832, ""4.879385023445566""], [1737883632, ""5.182162099102179""], [1737885432, ""4.832105371796698""], [1737887232, ""5.128498106519091""], [1737889032, ""5.077942068440718""], [1737890832, ""4.963876210052135""], [1737892632, ""5.3650211020056995""], [1737894432, ""5.067652069477938""], [1737896232, ""4.29568334214598""], [1737898032, ""5.251805250734842""], [1737899832, ""4.921588208013893""], [1737901632, ""5.138532417720956""], [1737903432, ""5.105448016079824""], [1737905232, ""5.242262272229644""], [1737907032, ""4.917059227451416""], [1737908832, ""4.84385740724305""], [1737910632, ""5.0518645267838735""], [1737912432, ""4.8974193813723765""], [1737914232, ""4.9385479171504585""], [1737916032, ""5.0068071308304605""], [1737917832, ""4.581112064230582""], [1737919632, ""4.977365251305981""], [1737921432, ""4.787894831154302""], [1737923232, ""5.421267562252804""], [1737925032, ""4.943720939674576""], [1737926832, ""5.212317884504829""], [1737928632, ""4.818766495523969""], [1737930432, ""4.649465985407942""], [1737932232, ""4.920540597327556""], [1737934032, ""4.622512788826283""], [1737935832, ""4.728866258484746""], [1737937632, ""5.086887971972597""], [1737939432, ""5.208707497651453""], [1737941232, ""5.225849139122061""], [1737943032, ""5.235542289764957""], [1737944832, ""4.693249063201584""], [1737946632, ""96.43819205342693""], [1737948432, ""95.89991349709494""], [1737950232, ""100""], [1737952032, ""93.26101874297403""], [1737953832, ""100""], [1737955632, ""100""], [1737957432, ""100""], [1737959232, ""99.21062430092461""], [1737961032, ""93.65535294876533""], [1737962832, ""96.29860104672409""], [1737964632, ""100""], [1737966432, ""97.98853986997742""], [1737968232, ""100""], [1737970032, ""100""], [1737971832, ""93.20165632989304""], [1737973632, ""100""], [1737975432, ""100""], [1737977232, ""96.25617926191416""], [1737979032, ""99.72128089547525""], [1737980832, ""100""], [1737982632, ""100""], [1737984432, ""98.44879749203879""], [1737986232, ""93.69285760628338""], [1737988032, ""93.76459598832348""], [1737989832, ""98.01621616255292""], [1737991632, ""97.40943594712874""], [1737993432, ""93.25827139719807""], [1737995232, ""95.09260881176832""], [1737997032, ""100""], [1737998832, ""92.09004931909273""], [1738000632, ""89.34361611831552""], [1738002432, ""100""], [1738004232, ""100""], [1738006032, ""100""], [1738007832, ""100""], [1738009632, ""96.12585040067701""], [1738011432, ""100""], [1738013232, ""99.9282290164""], [1738015032, ""98.46718707407759""], [1738016832, ""97.52562900803191""], [1738018632, ""98.2308333036236""], [1738020432, ""93.84817472880324""], [1738022232, ""100""], [1738024032, ""98.66644427818122""], [1738025832, ""91.03080491268626""], [1738027632, ""96.55221528252265""], [1738029432, ""99.92076098466406""], [1738031232, ""95.92693877171637""], [1738033032, ""96.16776663280666""]]}]}}"
5,"{""alert_id"":5,""alert_name"":""CPUUsageHighError"",""host_id"":""test-instance-5.example.com"",""severity"":""error"",""description"":""CPU usage on test-instance-5.example.com is critically high (current value: 100%). Please check the following: - CPU usage trends across all cores; - running processes that may be causing high load; - potential hardware issues (e.g., I/O bottlenecks)."",""summary"":""High CPU usage detected on test-instance-5.example.com"",""timestamp"":""2025-05-02T02:00:00.000000""}",test-instance-5.example.com,,,,,"ID,Name,Type,State,Reading,Units,Event
  4,CPU Temp,Temperature,Nominal,52.00,C,'OK'
  71,PCH Temp,Temperature,Nominal,54.00,C,'OK'
  138,System Temp,Temperature,Nominal,38.00,C,'OK'
  205,Peripheral Temp,Temperature,Nominal,49.00,C,'OK'
  272,VcpuVRM Temp,Temperature,Nominal,48.00,C,'OK'
  339,VmemABVRM Temp,Temperature,Nominal,46.00,C,'OK'
  406,VmemCDVRM Temp,Temperature,Nominal,44.00,C,'OK'
  473,P1-DIMMA1 Temp,Temperature,Nominal,46.00,C,'OK'
  540,P1-DIMMB1 Temp,Temperature,Nominal,48.00,C,'OK'
  741,FAN,Fan,Nominal,5200.00,RPM,'OK'
  808,12V,Voltage,Nominal,11.81,V,'OK'
  875,5VCC,Voltage,Nominal,5.00,V,'OK'
  942,3.3VCC,Voltage,Nominal,3.30,V,'OK'
  1009,VBAT,Voltage,Nominal,3.02,V,'OK'
  1076,Vcpu,Voltage,Nominal,1.79,V,'OK'
  1143,VDIMMAB,Voltage,Nominal,1.17,V,'OK'
  1210,VDIMMCD,Voltage,Nominal,1.18,V,'OK'
  1277,5VSB,Voltage,Nominal,4.97,V,'OK'
  1344,3.3VSB,Voltage,Nominal,3.23,V,'OK'
  1411,1.5V PCH,Voltage,Nominal,1.52,V,'OK'
  1478,1.2V BMC,Voltage,Nominal,1.21,V,'OK'
  1545,1.05V PCH,Voltage,Nominal,1.04,V,'OK'
  1612,PS Status,Power Supply,Nominal,N/A,N/A,'Presence detected'",,false_positive,"top - 14:22:08 up 3 days, 7:29, 1 user, load average: 0.42, 0.35, 0.31

  Tasks: 305 total, 1 running, 304 sleeping, 0 stopped, 0 zombie

  %Cpu(s): 8.3 us, 1.2 sy, 0.0 ni, 89.5 id, 0.5 wa, 0.0 hi, 0.5 si, 0.0 st

  KiB Mem : 16271952 total, 9045612 free, 3822896 used, 3393444 buff/cache

  KiB Swap: 4194300 total, 4194300 free, 0 used. 11803224 avail Mem



  PID USER     PR  NI    VIRT    RES    SHR S  %CPU %MEM     TIME+ COMMAND
  1234 root     20   0  1.5g   500m   100m S   2.1  3.1   13:45.23 java
  5678 appuser  20   0  800m   250m    50m S   1.5  1.5    8:02.17 python","PID  PPID  CMD                             %CPU
1234     1  /usr/bin/java -jar app.jar      2.1
5678  1234  /usr/bin/python3 script.py      1.5
9012  5678  /usr/bin/node server.js         0.9
3456  9012  /usr/sbin/apache2 -k start      0.6","{""status"": ""success"", ""data"": {""resultType"": ""matrix"", ""result"": [{""metric"": {""cpu"": ""cpu-total"", ""hostname"": ""test-instance-5.example.com"", ""instance"": ""test-instance-5.example.com"", ""location"": ""location1"", ""region"": ""region1""}, ""values"":  [[1736823432, ""2.518782859336016""], [1736825232, ""5.195927796126635""], [1736827032, ""5.844710759286475""], [1736828832, ""5.88097334048619""], [1736830632, ""8.339402010634938""], [1736832432, ""7.167738611463114""], [1736834232, ""6.958689185480764""], [1736836032, ""6.481470374169695""], [1736837832, ""5.236625875594038""], [1736839632, ""5.444177641965489""], [1736841432, ""6.116290203605804""], [1736843232, ""6.841161235608816""], [1736845032, ""3.4737554981279226""], [1736846832, ""5.693049467335558""], [1736848632, ""6.480606381334399""], [1736850432, ""4.081053875621955""], [1736852232, ""3.977987176137845""], [1736854032, ""6.002766497023785""], [1736855832, ""5.486178303610477""], [1736857632, ""4.631823892172165""], [1736859432, ""5.964218592426332""], [1736861232, ""7.560083534222694""], [1736863032, ""4.507872469624974""], [1736864832, ""6.170342994414145""], [1736866632, ""4.454362154067781""], [1736868432, ""7.550279674270829""], [1736870232, ""9.466447446231378""], [1736872032, ""3.822799751430239""], [1736873832, ""5.490025083415323""], [1736875632, ""4.283707558183819""], [1736877432, ""4.2437300244158624""], [1736879232, ""3.8819726276258484""], [1736881032, ""7.4404516597938795""], [1736882832, ""6.653414333606729""], [1736884632, ""3.241071722162662""], [1736886432, ""4.202424748614167""], [1736888232, ""4.493185429508958""], [1736890032, ""6.283439339171486""], [1736891832, ""4.54729697140737""], [1736893632, ""5.677761476867632""], [1736895432, ""5.76714861090168""], [1736897232, ""8.566546613642032""], [1736899032, ""1.7473737427179574""], [1736900832, ""4.616295692131702""], [1736902632, ""4.715001057990109""], [1736904432, ""4.40973672435812""], [1736906232, ""2.765573683762813""], [1736908032, ""3.3920402590300363""], [1736909832, ""3.8324099354799097""], [1736911632, ""4.737196092457151""], [1736913432, ""6.540230916247993""], [1736915232, ""2.0956701496271024""], [1736917032, ""8.013162523914941""], [1736918832, ""2.108795890160562""], [1736920632, ""7.457442026674613""], [1736922432, ""2.5739103200715636""], [1736924232, ""4.227788631296706""], [1736926032, ""3.7469550459391225""], [1736927832, ""4.578327799673295""], [1736929632, ""3.8653442550410166""], [1736931432, ""5.386409563115456""], [1736933232, ""8.574439791400046""], [1736935032, ""6.02292239676574""], [1736936832, ""6.700359533016421""], [1736938632, ""4.276675800521073""], [1736940432, ""9.297859046573832""], [1736942232, ""5.282266448668801""], [1736944032, ""8.234022287001029""], [1736945832, ""4.986605866161152""], [1736947632, ""3.3350119696408456""], [1736949432, ""4.679826538201709""], [1736951232, ""3.256350471097792""], [1736953032, ""5.027715842487735""], [1736954832, ""3.6247167022825195""], [1736956632, ""2.7890268729624896""], [1736958432, ""6.39855342385157""], [1736960232, ""3.5118423264061147""], [1736962032, ""2.662001237566001""], [1736963832, ""8.586978250607018""], [1736965632, ""5.6495432854354135""], [1736967432, ""4.640387834637215""], [1736969232, ""7.2691351627448935""], [1736971032, ""3.2612511357961256""], [1736972832, ""3.7404859250485236""], [1736974632, ""4.287383066205353""], [1736976432, ""3.6091081081232526""], [1736978232, ""3.016736260190128""], [1736980032, ""3.139230651202981""], [1736981832, ""9.294728576212012""], [1736983632, ""5.993005145899586""], [1736985432, ""3.1153232179847374""], [1736987232, ""4.349728496385355""], [1736989032, ""4.4147127956922025""], [1736990832, ""6.840966903774657""], [1736992632, ""4.935702903907852""], [1736994432, ""3.6749175896613435""], [1736996232, ""2.9526021934517157""], [1736998032, ""3.8185660906829715""], [1736999832, ""3.2924312336341384""], [1737001632, ""2.150985358331468""], [1737003432, ""1.854597581595539""], [1737005232, ""2.7533421224145656""], [1737007032, ""4.601791067525679""], [1737008832, ""7.7350741182594405""], [1737010632, ""6.003412652529773""], [1737012432, ""3.5412735755160183""], [1737014232, ""6.965108745314049""], [1737016032, ""6.308500484740832""], [1737017832, ""2.238948582655871""], [1737019632, ""4.207104776085859""], [1737021432, ""3.752149797352553""], [1737023232, ""6.770883202706099""], [1737025032, ""5.784491006458465""], [1737026832, ""3.298543443348282""], [1737028632, ""5.342949495534512""], [1737030432, ""5.462059107302509""], [1737032232, ""3.208623844652873""], [1737034032, ""5.67453948639534""], [1737035832, ""4.1413508916712525""], [1737037632, ""4.455806805478034""], [1737039432, ""3.1802671860207736""], [1737041232, ""5.2161513535527435""], [1737043032, ""3.8818224826780403""], [1737044832, ""8.332714758025903""], [1737046632, ""2.9605442891819176""], [1737048432, ""1.0496096290845758""], [1737050232, ""6.1806988866827846""], [1737052032, ""8.727923511363873""], [1737053832, ""3.559443794723533""], [1737055632, ""7.06261565543087""], [1737057432, ""7.484848973984592""], [1737059232, ""4.652509815987602""], [1737061032, ""0.8947306297037292""], [1737062832, ""3.1804801686831103""], [1737064632, ""4.942947335120565""], [1737066432, ""5.9947411600624045""], [1737068232, ""6.702494731128187""], [1737070032, ""2.6825046960114234""], [1737071832, ""5.84448933924755""], [1737073632, ""4.227222302304555""], [1737075432, ""7.888709292958879""], [1737077232, ""4.191730983029086""], [1737079032, ""3.023447517265317""], [1737080832, ""6.6306224852014575""], [1737082632, ""2.9878967576741364""], [1737084432, ""0.9900909342282969""], [1737086232, ""4.782625902078445""], [1737088032, ""5.849393183795961""], [1737089832, ""8.114711495323519""], [1737091632, ""6.743265334730905""], [1737093432, ""5.303340516659228""], [1737095232, ""5.237255092447156""], [1737097032, ""8.205716302136876""], [1737098832, ""10.83424760162233""], [1737100632, ""2.740247862943128""], [1737102432, ""3.7999472715111455""], [1737104232, ""5.097514364949769""], [1737106032, ""6.259648037257678""], [1737107832, ""7.791340154204685""], [1737109632, ""0.6608581373108855""], [1737111432, ""8.530065473400743""], [1737113232, ""7.589762555851298""], [1737115032, ""5.031138834658392""], [1737116832, ""4.758722782977514""], [1737118632, ""3.6698284710639806""], [1737120432, ""5.227520927006023""], [1737122232, ""4.043600724838612""], [1737124032, ""6.801204389761966""], [1737125832, ""6.542123397118737""], [1737127632, ""5.658050350217715""], [1737129432, ""0.42352372911335756""], [1737131232, ""7.099944013487404""], [1737133032, ""2.7658881554690438""], [1737134832, ""5.681363344582511""], [1737136632, ""4.286049702110803""], [1737138432, ""8.033336530081819""], [1737140232, ""6.477125176087998""], [1737142032, ""4.769795840967822""], [1737143832, ""4.462217259476129""], [1737145632, ""9.108858019033455""], [1737147432, ""3.4212152002688407""], [1737149232, ""4.250223345174955""], [1737151032, ""1.8861619468701685""], [1737152832, ""6.055764406710613""], [1737154632, ""4.031579355015442""], [1737156432, ""8.965731737161134""], [1737158232, ""5.883106093592876""], [1737160032, ""6.728776356101082""], [1737161832, ""5.247410401320705""], [1737163632, ""7.3908381371050265""], [1737165432, ""3.786503566889751""], [1737167232, ""4.500017880307007""], [1737169032, ""4.248825628092739""], [1737170832, ""3.8555463571489392""], [1737172632, ""5.0671036171573896""], [1737174432, ""8.404841652256522""], [1737176232, ""4.029256559114185""], [1737178032, ""6.173075453979908""], [1737179832, ""5.068674237107818""], [1737181632, ""4.834347734575306""], [1737183432, ""7.020394065572761""], [1737185232, ""5.327974664259251""], [1737187032, ""5.287315683170895""], [1737188832, ""7.005823412433563""], [1737190632, ""6.35554886982081""], [1737192432, ""3.341820352962181""], [1737194232, ""2.7548179898050136""], [1737196032, ""1.117844463255""], [1737197832, ""3.8739023851396506""], [1737199632, ""4.816094130108756""], [1737201432, ""10.022366824414593""], [1737203232, ""0""], [1737205032, ""5.183223421997662""], [1737206832, ""7.657168526707297""], [1737208632, ""4.432954925276125""], [1737210432, ""7.033456597104394""], [1737212232, ""4.1363357937371665""], [1737214032, ""7.197786346713938""], [1737215832, ""4.340112116507518""], [1737217632, ""7.483138942991666""], [1737219432, ""3.959869969658767""], [1737221232, ""5.67858238589201""], [1737223032, ""2.29406980144538""], [1737224832, ""0.6435286115872945""], [1737226632, ""7.638959813110681""], [1737228432, ""5.2055815461382355""], [1737230232, ""7.805247304905137""], [1737232032, ""6.172662678744275""], [1737233832, ""5.515241131675387""], [1737235632, ""7.61766212924508""], [1737237432, ""5.202254274888639""], [1737239232, ""2.2082611367914904""], [1737241032, ""5.848679098299369""], [1737242832, ""3.779166043664322""], [1737244632, ""2.286325601649303""], [1737246432, ""1.698682676748109""], [1737248232, ""4.2509867246360376""], [1737250032, ""2.3098286022377312""], [1737251832, ""1.9061030652106008""], [1737253632, ""7.530936648218799""], [1737255432, ""4.428552586751209""], [1737257232, ""4.752669184610594""], [1737259032, ""5.476120135883782""], [1737260832, ""2.614825613567759""], [1737262632, ""5.871914243209181""], [1737264432, ""2.641690819972549""], [1737266232, ""5.733772501417043""], [1737268032, ""4.385225752574499""], [1737269832, ""4.221825311448947""], [1737271632, ""4.101284101672955""], [1737273432, ""6.712588482770416""], [1737275232, ""6.462469887325421""], [1737277032, ""1.5994587276522334""], [1737278832, ""6.303799716034183""], [1737280632, ""4.078141056144219""], [1737282432, ""5.278987736402389""], [1737284232, ""3.2165656483563314""], [1737286032, ""1.514759995827839""], [1737287832, ""5.188416443224633""], [1737289632, ""5.666419494028437""], [1737291432, ""3.710689224877351""], [1737293232, ""3.918321347981381""], [1737295032, ""6.828026312818131""], [1737296832, ""7.6287867602498025""], [1737298632, ""1.6880539738960825""], [1737300432, ""2.060798913775198""], [1737302232, ""6.191014138921994""], [1737304032, ""4.116109414564731""], [1737305832, ""9.706379877173521""], [1737307632, ""3.0408914817151746""], [1737309432, ""6.091492900875329""], [1737311232, ""5.4810946111813115""], [1737313032, ""3.3321042527581826""], [1737314832, ""6.16691373488946""], [1737316632, ""6.906134455718965""], [1737318432, ""2.332020114400562""], [1737320232, ""7.478588907508439""], [1737322032, ""2.0179411159226843""], [1737323832, ""7.582206114747487""], [1737325632, ""3.2218260074812495""], [1737327432, ""6.861456072150037""], [1737329232, ""6.245634441647376""], [1737331032, ""7.287696922829948""], [1737332832, ""5.047050601406236""], [1737334632, ""4.331923280593751""], [1737336432, ""3.6744797914818923""], [1737338232, ""2.11304261658498""], [1737340032, ""2.2393918022398958""], [1737341832, ""6.385137117888917""], [1737343632, ""2.5808995526863465""], [1737345432, ""4.302017463595663""], [1737347232, ""4.573623309034239""], [1737349032, ""3.1263383334383343""], [1737350832, ""7.572996805918927""], [1737352632, ""6.509803227676182""], [1737354432, ""0.6217970770170673""], [1737356232, ""1.9022531485496472""], [1737358032, ""4.543325559152427""], [1737359832, ""5.313584903416605""], [1737361632, ""6.133051931702766""], [1737363432, ""4.679036047637353""], [1737365232, ""8.344632081403102""], [1737367032, ""2.06207119731282""], [1737368832, ""5.1495915352033235""], [1737370632, ""5.6110459586812595""], [1737372432, ""8.707475217436688""], [1737374232, ""7.30397662381938""], [1737376032, ""2.7418954365159767""], [1737377832, ""7.5567785863545165""], [1737379632, ""5.905572625906297""], [1737381432, ""3.992437532911481""], [1737383232, ""3.135823363640258""], [1737385032, ""4.4239303919186925""], [1737386832, ""7.8161457089989765""], [1737388632, ""5.6642444082432055""], [1737390432, ""3.897388703568747""], [1737392232, ""5.600826610466592""], [1737394032, ""5.392135358401971""], [1737395832, ""5.555513330982865""], [1737397632, ""4.751184182978941""], [1737399432, ""7.23376417193664""], [1737401232, ""5.421620377120622""], [1737403032, ""5.609871487759963""], [1737404832, ""4.585988184321436""], [1737406632, ""3.0808669644664732""], [1737408432, ""4.854558772971779""], [1737410232, ""10.633635747063341""], [1737412032, ""6.252341371689276""], [1737413832, ""4.383994797639699""], [1737415632, ""6.199892645621323""], [1737417432, ""5.8705141148055615""], [1737419232, ""8.881664048543254""], [1737421032, ""5.643546144857473""], [1737422832, ""7.055160545071731""], [1737424632, ""5.778358373520288""], [1737426432, ""6.049252838984273""], [1737428232, ""5.020570668056082""], [1737430032, ""4.5575182191711265""], [1737431832, ""3.6094657043561864""], [1737433632, ""4.131044582562864""], [1737435432, ""4.4604036106610625""], [1737437232, ""4.211060276586483""], [1737439032, ""4.372619545535612""], [1737440832, ""8.471980607573654""], [1737442632, ""6.406515234815471""], [1737444432, ""2.9470763787569028""], [1737446232, ""3.3684318678392295""], [1737448032, ""1.434343230014758""], [1737449832, ""7.247813358723054""], [1737451632, ""10.053288177855645""], [1737453432, ""8.012693768702759""], [1737455232, ""6.185452117957762""], [1737457032, ""4.209512404665""], [1737458832, ""3.165878056948336""], [1737460632, ""0.5029393792931369""], [1737462432, ""3.057094495106153""], [1737464232, ""4.670993513456004""], [1737466032, ""5.827866878233746""], [1737467832, ""6.955103548716702""], [1737469632, ""3.9015961764170557""], [1737471432, ""9.507597402666853""], [1737473232, ""5.616213144093839""], [1737475032, ""2.3900638395546494""], [1737476832, ""5.539180738025086""], [1737478632, ""3.063627947978121""], [1737480432, ""8.985629983185056""], [1737482232, ""7.017758929288517""], [1737484032, ""5.721091976268554""], [1737485832, ""4.044773265577041""], [1737487632, ""2.8479351777516992""], [1737489432, ""2.0197846750620787""], [1737491232, ""5.873595373065837""], [1737493032, ""4.8291630748887515""], [1737494832, ""4.577683488791928""], [1737496632, ""3.5354889245604157""], [1737498432, ""4.977106157046769""], [1737500232, ""5.287574540506603""], [1737502032, ""6.035370180939282""], [1737503832, ""8.729337726837677""], [1737505632, ""5.991582041359052""], [1737507432, ""4.218912045667095""], [1737509232, ""5.398032643755692""], [1737511032, ""2.161048039326404""], [1737512832, ""6.656706729928389""], [1737514632, ""2.0618189406556757""], [1737516432, ""4.976003639849395""], [1737518232, ""5.3322885186583315""], [1737520032, ""6.9332402149117165""], [1737521832, ""3.8396497886798415""], [1737523632, ""4.073076590800193""], [1737525432, ""3.679501428432325""], [1737527232, ""5.598955105779924""], [1737529032, ""7.1759414029966715""], [1737530832, ""4.555569218029745""], [1737532632, ""5.301158550390924""], [1737534432, ""10.701236064115385""], [1737536232, ""5.206832974463596""], [1737538032, ""3.321511976966313""], [1737539832, ""7.675526041351649""], [1737541632, ""5.964536494037901""], [1737543432, ""9.702947459889852""], [1737545232, ""5.622252341626889""], [1737547032, ""4.770339486537065""], [1737548832, ""3.9639556501094004""], [1737550632, ""6.633571716008195""], [1737552432, ""3.1684740703833447""], [1737554232, ""3.196025114936969""], [1737556032, ""5.324424167460431""], [1737557832, ""7.307792542559728""], [1737559632, ""5.881985517845765""], [1737561432, ""6.036112543740663""], [1737563232, ""7.8784865557336765""], [1737565032, ""3.330685506892526""], [1737566832, ""2.0445075958364427""], [1737568632, ""5.89601375408131""], [1737570432, ""1.6063455110649034""], [1737572232, ""5.4594233073954115""], [1737574032, ""5.666803847344567""], [1737575832, ""8.039963243354801""], [1737577632, ""3.0501302705179407""], [1737579432, ""4.851672248345043""], [1737581232, ""5.969190514189276""], [1737583032, ""6.48396755761756""], [1737584832, ""5.331663304569444""], [1737586632, ""7.02904679997334""], [1737588432, ""4.3400971029780635""], [1737590232, ""1.1025074740242529""], [1737592032, ""2.7158619302879687""], [1737593832, ""7.293586366549928""], [1737595632, ""3.9899265697499184""], [1737597432, ""4.62429972080644""], [1737599232, ""6.534100325935922""], [1737601032, ""4.043115437989355""], [1737602832, ""2.1133315446330423""], [1737604632, ""2.1865408431603157""], [1737606432, ""6.478612025254602""], [1737608232, ""6.555897816518237""], [1737610032, ""4.244201858683951""], [1737611832, ""1.852774010591033""], [1737613632, ""2.8839646758796884""], [1737615432, ""3.0197953515648557""], [1737617232, ""6.553627838515483""], [1737619032, ""5.884485621822132""], [1737620832, ""2.764237632750491""], [1737622632, ""5.019465267604926""], [1737624432, ""4.598941799989709""], [1737626232, ""3.4712937220332876""], [1737628032, ""6.562876107914286""], [1737629832, ""4.349156581603524""], [1737631632, ""3.2619961001922704""], [1737633432, ""3.71532582609822""], [1737635232, ""5.827183304598767""], [1737637032, ""0.633603899928346""], [1737638832, ""1.865437556302135""], [1737640632, ""5.282012614462207""], [1737642432, ""3.965079963112335""], [1737644232, ""8.117690420781713""], [1737646032, ""6.530623614991578""], [1737647832, ""3.064911743945658""], [1737649632, ""3.520959488872866""], [1737651432, ""5.18367512342999""], [1737653232, ""2.5919761693596413""], [1737655032, ""3.1166867410046493""], [1737656832, ""7.117523995444865""], [1737658632, ""7.667829825448656""], [1737660432, ""4.084783454771345""], [1737662232, ""5.07377724767569""], [1737664032, ""0.7030633582679071""], [1737665832, ""6.371306494115868""], [1737667632, ""6.348748359448379""], [1737669432, ""4.683655041501876""], [1737671232, ""4.98602443966972""], [1737673032, ""2.9866276461783046""], [1737674832, ""3.7082333396609055""], [1737676632, ""4.9344406164046655""], [1737678432, ""2.475146488909342""], [1737680232, ""6.670422970159468""], [1737682032, ""4.170238747309223""], [1737683832, ""6.220311053811195""], [1737685632, ""5.7106022664498655""], [1737687432, ""5.444268459132664""], [1737689232, ""6.119969648437812""], [1737691032, ""4.967842490957356""], [1737692832, ""4.532539642358036""], [1737694632, ""3.707515934334399""], [1737696432, ""6.368934599292861""], [1737698232, ""6.663306336249316""], [1737700032, ""5.101022131988709""], [1737701832, ""5.369465186878127""], [1737703632, ""0.5368906505945139""], [1737705432, ""2.712594965299639""], [1737707232, ""5.805157842122291""], [1737709032, ""2.6394067480272714""], [1737710832, ""1.1858257152196505""], [1737712632, ""2.1375124611524035""], [1737714432, ""6.86435077933533""], [1737716232, ""6.438282605322959""], [1737718032, ""4.496781558753715""], [1737719832, ""6.519714043186127""], [1737721632, ""7.465811444334996""], [1737723432, ""7.73648385405173""], [1737725232, ""6.728883301158532""], [1737727032, ""2.1230863470499783""], [1737728832, ""5.096564001712865""], [1737730632, ""3.921494788637008""], [1737732432, ""6.902477003054017""], [1737734232, ""8.290238066862269""], [1737736032, ""7.243087202080602""], [1737737832, ""7.822296804412381""], [1737739632, ""9.519640208643366""], [1737741432, ""5.6099197573115465""], [1737743232, ""6.658628683555745""], [1737745032, ""8.294844059094807""], [1737746832, ""6.779769441541257""], [1737748632, ""5.133067235125105""], [1737750432, ""8.290395015982014""], [1737752232, ""8.415847253715892""], [1737754032, ""4.654202406035118""], [1737755832, ""3.4230015294446092""], [1737757632, ""4.704674240591664""], [1737759432, ""9.12004492830489""], [1737761232, ""7.658111266355574""], [1737763032, ""4.312804239831994""], [1737764832, ""4.859917943888576""], [1737766632, ""5.625863219064849""], [1737768432, ""7.297157128047203""], [1737770232, ""5.889315622940887""], [1737772032, ""3.9250864893622603""], [1737773832, ""6.531185622830653""], [1737775632, ""9.310188141166627""], [1737777432, ""2.0339955568833314""], [1737779232, ""3.0583925380036368""], [1737781032, ""1.7287340291253122""], [1737782832, ""4.2940744317502455""], [1737784632, ""1.9913695416909918""], [1737786432, ""3.3843755475657344""], [1737788232, ""0""], [1737790032, ""3.5043702858299017""], [1737791832, ""8.041305944386199""], [1737793632, ""3.740620104652642""], [1737795432, ""7.915278069521872""], [1737797232, ""7.495001219890183""], [1737799032, ""1.5492897055614918""], [1737800832, ""3.2874333296210803""], [1737802632, ""5.296212210406706""], [1737804432, ""2.4185168150864005""], [1737806232, ""4.749078579429306""], [1737808032, ""5.951419545288198""], [1737809832, ""1.8002252686791556""], [1737811632, ""6.434793164162332""], [1737813432, ""7.421621530968392""], [1737815232, ""2.191527899857143""], [1737817032, ""4.520424771073995""], [1737818832, ""3.9921470491444193""], [1737820632, ""5.218489503711095""], [1737822432, ""5.867479911574373""], [1737824232, ""4.226447365547671""], [1737826032, ""7.694072693863534""], [1737827832, ""3.911180376714498""], [1737829632, ""5.7332861562455975""], [1737831432, ""3.7580831007120175""], [1737833232, ""9.584623765457952""], [1737835032, ""6.787889235812237""], [1737836832, ""9.180616671038145""], [1737838632, ""7.086253313053648""], [1737840432, ""2.8126174275189144""], [1737842232, ""6.638373250561888""], [1737844032, ""5.00599577633321""], [1737845832, ""3.2545585560559207""], [1737847632, ""4.684793744500223""], [1737849432, ""5.038081706380362""], [1737851232, ""4.159836921952695""], [1737853032, ""2.359451355517439""], [1737854832, ""5.2276929307599485""], [1737856632, ""3.461134290693688""], [1737858432, ""2.5133211824861323""], [1737860232, ""4.725534913292475""], [1737862032, ""4.506309911374847""], [1737863832, ""7.424947971945089""], [1737865632, ""7.2107509292513035""], [1737867432, ""4.063401349878803""], [1737869232, ""7.96471792890487""], [1737871032, ""3.5368602598311183""], [1737872832, ""8.4911355411347""], [1737874632, ""4.398595973313723""], [1737876432, ""3.240678334453517""], [1737878232, ""6.3511308295286275""], [1737880032, ""6.180684811213011""], [1737881832, ""5.68751359697239""], [1737883632, ""8.400970056824136""], [1737885432, ""5.5900463259286735""], [1737887232, ""5.741126032423248""], [1737889032, ""4.387637723718749""], [1737890832, ""4.031779962581814""], [1737892632, ""4.257933479399879""], [1737894432, ""3.610999465085163""], [1737896232, ""2.161501918949541""], [1737898032, ""4.770148012463021""], [1737899832, ""6.930571557808891""], [1737901632, ""0""], [1737903432, ""10.756230221908211""], [1737905232, ""0.19731295375848568""], [1737907032, ""8.21373252864382""], [1737908832, ""5.932584355591601""], [1737910632, ""2.5196168988818535""], [1737912432, ""5.976447322421921""], [1737914232, ""4.7346693280143235""], [1737916032, ""3.6933653929712866""], [1737917832, ""7.5977531372820994""], [1737919632, ""4.8858901743566685""], [1737921432, ""4.328620155007014""], [1737923232, ""9.793328841673471""], [1737925032, ""1.683026917015341""], [1737926832, ""5.127195612528567""], [1737928632, ""7.301303983971241""], [1737930432, ""1.688152798488673""], [1737932232, ""5.876971351541421""], [1737934032, ""4.078988347274258""], [1737935832, ""2.9230647256496196""], [1737937632, ""5.225543897361897""], [1737939432, ""8.567527754344871""], [1737941232, ""3.7728234648857493""], [1737943032, ""3.807783040562347""], [1737944832, ""2.6608522258539637""], [1737946632, ""5.936265304690751""], [1737948432, ""2.5750905835110256""], [1737950232, ""4.3242498066045885""], [1737952032, ""3.533294686348044""], [1737953832, ""6.702992307196022""], [1737955632, ""8.90174284776398""], [1737957432, ""3.9526802437311046""], [1737959232, ""3.5770196536500554""], [1737961032, ""4.456660317790696""], [1737962832, ""5.9990991765857595""], [1737964632, ""6.60808048553742""], [1737966432, ""0.9387959845802358""], [1737968232, ""0""], [1737970032, ""3.370062097025478""], [1737971832, ""5.477947522024917""], [1737973632, ""2.765189066904419""], [1737975432, ""6.070913705762765""], [1737977232, ""0.11945834859253601""], [1737979032, ""3.1824745785047166""], [1737980832, ""7.35307625253524""], [1737982632, ""3.1664740895449626""], [1737984432, ""5.298608190900761""], [1737986232, ""6.988165231383442""], [1737988032, ""5.621760294029438""], [1737989832, ""7.439494104486998""], [1737991632, ""4.003069660696369""], [1737993432, ""6.308068954374782""], [1737995232, ""5.576838896296625""], [1737997032, ""3.5213805359951618""], [1737998832, ""4.003022197477769""], [1738000632, ""5.198364556792787""], [1738002432, ""6.7568586813012885""], [1738004232, ""6.383571383709415""], [1738006032, ""5.212967665817773""], [1738007832, ""4.834348919567574""], [1738009632, ""5.218805220631119""], [1738011432, ""3.6044447886310267""], [1738013232, ""1.293424771616856""], [1738015032, ""2.4930610880483797""], [1738016832, ""5.533097038649076""], [1738018632, ""4.304138994668665""], [1738020432, ""7.658862055786502""], [1738022232, ""7.469142853890813""], [1738024032, ""6.389189228609095""], [1738025832, ""4.1539200700417975""], [1738027632, ""4.333609049549111""], [1738029432, ""7.937913642926172""], [1738031232, ""4.111098390942398""], [1738033032, ""5.069161729003394""]]}]}}"
6,"{""alert_id"":6,""alert_name"":""CPUUsageHighError"",""host_id"":""test-instance-6.example.com"",""severity"":""error"",""description"":""CPU usage on test-instance-6.example.com is critically high (current value: 100%). Please check the following: - CPU usage trends across all cores; - running processes that may be causing high load; - potential hardware issues (e.g., I/O bottlenecks)."",""summary"":""High CPU usage detected on test-instance-6.example.com"",""timestamp"":""2025-05-03T02:00:00.000000""}",test-instance-6.example.com,,,,,"ID,Name,Type,State,Reading,Units,Event
4,CPU Temp,Temperature,Warning,90.00,C,'Threshold Exceeded'
71,PCH Temp,Temperature,Nominal,75.00,C,'OK'
138,System Temp,Temperature,Nominal,60.00,C,'OK'
205,Peripheral Temp,Temperature,Nominal,70.00,C,'OK'
272,VcpuVRM Temp,Temperature,Nominal,80.00,C,'OK'
339,VmemABVRM Temp,Temperature,Nominal,70.00,C,'OK'
406,VmemCDVRM Temp,Temperature,Nominal,68.00,C,'OK'
473,P1-DIMMA1 Temp,Temperature,Nominal,72.00,C,'OK'
540,P1-DIMMB1 Temp,Temperature,Nominal,74.00,C,'OK'
741,FAN,Fan,Nominal,8000.00,RPM,'OK'
808,12V,Voltage,Nominal,11.78,V,'OK'
875,5VCC,Voltage,Nominal,4.98,V,'OK'
942,3.3VCC,Voltage,Nominal,3.28,V,'OK'
1009,VBAT,Voltage,Nominal,3.01,V,'OK'
1076,Vcpu,Voltage,Nominal,1.82,V,'OK'
1143,VDIMMAB,Voltage,Nominal,1.18,V,'OK'
1210,VDIMMCD,Voltage,Nominal,1.19,V,'OK'
1277,5VSB,Voltage,Nominal,4.96,V,'OK'
1344,3.3VSB,Voltage,Nominal,3.22,V,'OK'
1411,1.5V PCH,Voltage,Nominal,1.53,V,'OK'
1478,1.2V BMC,Voltage,Nominal,1.22,V,'OK'
1545,1.05V PCH,Voltage,Nominal,1.03,V,'OK'
1612,PS Status,Power Supply,Nominal,N/A,N/A,'Presence detected'",,repetitive_behavior,"top - 10:15:32 up 3 days, 5:22, 1 user, load average: 7.89, 6.75, 4.12

  Tasks: 312 total, 2 running, 310 sleeping, 0 stopped, 0 zombie

  %Cpu(s): 95.2 us, 2.5 sy, 0.0 ni, 2.0 id, 0.1 wa, 0.0 hi, 0.2 si, 0.0 st

  KiB Mem : 16271952 total, 8123456 free, 4032896 used, 4115600 buff/cache

  KiB Swap: 4194300 total, 0 free, 4194300 used. 1023456 avail Mem



  PID USER PR NI VIRT RES SHR S %CPU %MEM TIME+ COMMAND

  1234 root 20 0 1.5g 500m 100m R 92.3 3.1 12:35.45 java

  5678 appuser 20 0 800m 250m 50m S 65.7 1.5 7:20.12 python","PID PPID CMD %CPU

  1234 1 /usr/bin/java -jar app.jar 92.3

  5678 1234 /usr/bin/python3 script.py 65.7

  9012 5678 /usr/bin/node server.js 45.2

  3456 9012 /usr/sbin/apache2 -k start 35.8","{""status"": ""success"", ""data"": {""resultType"": ""matrix"", ""result"": [{""metric"": {""cpu"": ""cpu-total"", ""hostname"": ""test-instance-6.example.com"", ""instance"": ""test-instance-6.example.com"", ""location"": ""location1"", ""region"": ""region1""}, ""values"": [[1736823432, ""98.49424931712075""], [1736825232, ""95.41533722404893""], [1736827032, ""4.90759670241949""], [1736828832, ""5.223682891634224""], [1736830632, ""4.763169255835957""], [1736832432, ""4.929517101671821""], [1736834232, ""4.902612666856274""], [1736836032, ""4.791064710188817""], [1736837832, ""4.980293451095343""], [1736839632, ""4.833820106931292""], [1736841432, ""4.893250938177028""], [1736843232, ""4.878727739646611""], [1736845032, ""5.129383860838987""], [1736846832, ""5.468138059074884""], [1736848632, ""5.326751845038487""], [1736850432, ""4.608878387420562""], [1736852232, ""5.109001511700746""], [1736854032, ""5.472450397799879""], [1736855832, ""4.997186010425612""], [1736857632, ""5.142330802111576""], [1736859432, ""4.826009853874322""], [1736861232, ""5.1053881854860865""], [1736863032, ""4.7473736794925925""], [1736864832, ""5.028590180316117""], [1736866632, ""5.16298667383222""], [1736868432, ""4.712164868487896""], [1736870232, ""4.752391770867366""], [1736872032, ""5.167433244534295""], [1736873832, ""4.3747206302181""], [1736875632, ""4.65663319263397""], [1736877432, ""4.946772968131243""], [1736879232, ""4.715669083005766""], [1736881032, ""4.811314775699598""], [1736882832, ""4.968558711145254""], [1736884632, ""4.982451811246487""], [1736886432, ""4.758104466543576""], [1736888232, ""4.9678088903484205""], [1736890032, ""4.70854465928961""], [1736891832, ""5.412053733130722""], [1736893632, ""5.421332469068073""], [1736895432, ""5.314921059258919""], [1736897232, ""4.942747031895279""], [1736899032, ""5.121589611487268""], [1736900832, ""5.282163799958026""], [1736902632, ""4.674826216450983""], [1736904432, ""4.919964525455175""], [1736906232, ""5.025397164666622""], [1736908032, ""90.27938902945968""], [1736909832, ""97.44840021518061""], [1736911632, ""95.18829579251363""], [1736913432, ""4.58573600033351""], [1736915232, ""4.911371532327243""], [1736917032, ""4.989682716766281""], [1736918832, ""4.855167011814722""], [1736920632, ""4.925856816091685""], [1736922432, ""4.747910550195019""], [1736924232, ""4.744209626691038""], [1736926032, ""4.64820086929483""], [1736927832, ""5.104440405968529""], [1736929632, ""4.691836950818197""], [1736931432, ""4.702134838352387""], [1736933232, ""5.1283160926710005""], [1736935032, ""5.178076349342879""], [1736936832, ""4.9750940816629905""], [1736938632, ""5.032339171502449""], [1736940432, ""5.162098681310922""], [1736942232, ""5.0401527701757445""], [1736944032, ""5.227873208535091""], [1736945832, ""5.193699959456811""], [1736947632, ""5.23934486038541""], [1736949432, ""4.927016507147569""], [1736951232, ""5.399549859706283""], [1736953032, ""5.123515560397345""], [1736954832, ""5.180848662163982""], [1736956632, ""5.4336177217564545""], [1736958432, ""5.041519113055425""], [1736960232, ""5.082163028299709""], [1736962032, ""4.851913655424801""], [1736963832, ""5.013966614862582""], [1736965632, ""5.136394580288016""], [1736967432, ""5.119112767083365""], [1736969232, ""5.2612079648813195""], [1736971032, ""5.032660733091931""], [1736972832, ""5.056027318366155""], [1736974632, ""4.942752793210143""], [1736976432, ""5.062563793206616""], [1736978232, ""4.999200529926535""], [1736980032, ""4.974905966129794""], [1736981832, ""4.96593728020956""], [1736983632, ""4.846479357148453""], [1736985432, ""5.272063678506537""], [1736987232, ""4.78413005149344""], [1736989032, ""4.944149436173423""], [1736990832, ""5.184669250384191""], [1736992632, ""4.554370864233466""], [1736994432, ""100""], [1736996232, ""96.36413100047565""], [1736998032, ""90.01884464559778""], [1736999832, ""5.125950924633368""], [1737001632, ""5.019139490518987""], [1737003432, ""5.111616191855367""], [1737005232, ""4.921291301957296""], [1737007032, ""4.825970967384369""], [1737008832, ""5.195647149141511""], [1737010632, ""5.195537247156563""], [1737012432, ""4.778355465588683""], [1737014232, ""4.844849238764507""], [1737016032, ""4.981626539949469""], [1737017832, ""4.968780496963073""], [1737019632, ""5.296133294114879""], [1737021432, ""5.116722535635439""], [1737023232, ""4.929820350312519""], [1737025032, ""4.907328489658574""], [1737026832, ""4.975423633437416""], [1737028632, ""4.5424568831193834""], [1737030432, ""4.326138312613725""], [1737032232, ""5.0471478861691494""], [1737034032, ""4.488766576321622""], [1737035832, ""5.008027155986328""], [1737037632, ""5.159826941677104""], [1737039432, ""5.181047783778742""], [1737041232, ""5.156732001737572""], [1737043032, ""4.843662519676424""], [1737044832, ""5.233120340885555""], [1737046632, ""5.266762776188336""], [1737048432, ""4.68971461654336""], [1737050232, ""5.2064678868905485""], [1737052032, ""4.798604488143014""], [1737053832, ""4.972796223360306""], [1737055632, ""4.665921831391042""], [1737057432, ""4.741930667298406""], [1737059232, ""4.842402092627604""], [1737061032, ""4.795979449307085""], [1737062832, ""5.176316343891178""], [1737064632, ""5.0827320129295""], [1737066432, ""5.350487755027755""], [1737068232, ""5.155466109866004""], [1737070032, ""4.984554242786241""], [1737071832, ""5.28524068480114""], [1737073632, ""4.706646776807286""], [1737075432, ""5.360551951168381""], [1737077232, ""4.890395904903668""], [1737079032, ""4.850599525772141""], [1737080832, ""95.60717926560909""], [1737082632, ""96.872679460116""], [1737084432, ""83.95625436168288""], [1737086232, ""4.949960660124553""], [1737088032, ""4.677689791525127""], [1737089832, ""5.260802363471777""], [1737091632, ""5.670593055068174""], [1737093432, ""4.961986620913239""], [1737095232, ""4.941418473386704""], [1737097032, ""5.594871585919942""], [1737098832, ""4.84816783379707""], [1737100632, ""4.8073088802700985""], [1737102432, ""4.747856252051098""], [1737104232, ""4.694476385648069""], [1737106032, ""5.078247576100663""], [1737107832, ""5.66029539420447""], [1737109632, ""5.516081059684002""], [1737111432, ""5.386823590742686""], [1737113232, ""5.030333406196917""], [1737115032, ""4.850656815799154""], [1737116832, ""4.762103657938519""], [1737118632, ""5.196443795494233""], [1737120432, ""4.575324109778553""], [1737122232, ""4.784960227101048""], [1737124032, ""4.776713412273643""], [1737125832, ""5.173899600689057""], [1737127632, ""4.735144036285335""], [1737129432, ""5.335493867971214""], [1737131232, ""4.979111897614552""], [1737133032, ""5.212981121087356""], [1737134832, ""5.381892654488215""], [1737136632, ""4.916476772297527""], [1737138432, ""5.287624798283717""], [1737140232, ""5.1296010378637""], [1737142032, ""4.832603715607653""], [1737143832, ""4.9284779714224705""], [1737145632, ""5.13018336586845""], [1737147432, ""4.862277337045248""], [1737149232, ""5.131678294517061""], [1737151032, ""4.506534297729893""], [1737152832, ""5.259349377757122""], [1737154632, ""4.912169622278894""], [1737156432, ""5.4621362369237145""], [1737158232, ""4.729706670935754""], [1737160032, ""4.677333914651759""], [1737161832, ""5.104573745686033""], [1737163632, ""4.921100328351113""], [1737165432, ""5.277275701744263""], [1737167232, ""100""], [1737169032, ""99.0981798886066""], [1737170832, ""86.14246298511745""], [1737172632, ""5.015012903157223""], [1737174432, ""4.876975192103125""], [1737176232, ""5.392933765284156""], [1737178032, ""5.239482032144261""], [1737179832, ""4.870725901461595""], [1737181632, ""4.8802039399335575""], [1737183432, ""4.611167197646635""], [1737185232, ""5.107518377926182""], [1737187032, ""4.734399140769848""], [1737188832, ""5.099856426371875""], [1737190632, ""4.996569570573906""], [1737192432, ""5.129971742108391""], [1737194232, ""5.106167289797362""], [1737196032, ""4.7289090793358355""], [1737197832, ""4.559287973857703""], [1737199632, ""5.072504033498576""], [1737201432, ""5.2764584309627764""], [1737203232, ""5.349947291717715""], [1737205032, ""5.031291418289475""], [1737206832, ""4.743405422931615""], [1737208632, ""5.211130597735759""], [1737210432, ""5.1209780288896125""], [1737212232, ""5.055941332707228""], [1737214032, ""4.733919966373962""], [1737215832, ""5.09633881933383""], [1737217632, ""4.968037829031114""], [1737219432, ""4.680282642393668""], [1737221232, ""5.590691678450169""], [1737223032, ""5.179708237643876""], [1737224832, ""5.129910559562411""], [1737226632, ""4.944237956844171""], [1737228432, ""5.535011111824813""], [1737230232, ""5.202982368543949""], [1737232032, ""4.785529513703181""], [1737233832, ""4.502589563437991""], [1737235632, ""5.021672872392883""], [1737237432, ""5.182435077728629""], [1737239232, ""4.441141622503038""], [1737241032, ""5.093718234415418""], [1737242832, ""5.080790999046436""], [1737244632, ""5.157610539173144""], [1737246432, ""4.743846001962747""], [1737248232, ""4.989579274616814""], [1737250032, ""5.0288261037586075""], [1737251832, ""4.7660772472550335""], [1737253632, ""100""], [1737255432, ""97.74751230259729""], [1737257232, ""100""], [1737259032, ""5.0232034353906""], [1737260832, ""5.031625672258471""], [1737262632, ""5.073425238703268""], [1737264432, ""4.961296721105917""], [1737266232, ""5.5850092413975405""], [1737268032, ""4.96476378780961""], [1737269832, ""5.366697917502057""], [1737271632, ""4.774341996992188""], [1737273432, ""5.001254769606404""], [1737275232, ""4.917682352218091""], [1737277032, ""5.132917054497234""], [1737278832, ""4.97685741942188""], [1737280632, ""4.950567206284525""], [1737282432, ""5.2545248938769085""], [1737284232, ""4.922008345685814""], [1737286032, ""4.78207179661638""], [1737287832, ""5.394647115252891""], [1737289632, ""4.777081307831179""], [1737291432, ""5.298730673610788""], [1737293232, ""4.9412896096460805""], [1737295032, ""4.966043804013766""], [1737296832, ""5.3466883143001995""], [1737298632, ""5.526597483976168""], [1737300432, ""4.982296483325179""], [1737302232, ""5.256402394314553""], [1737304032, ""4.8043645453070205""], [1737305832, ""5.394257376577301""], [1737307632, ""5.273156388859668""], [1737309432, ""4.77256566884751""], [1737311232, ""4.904850491446592""], [1737313032, ""4.726168129685391""], [1737314832, ""4.745433711647552""], [1737316632, ""4.749894840204674""], [1737318432, ""4.7650990463162985""], [1737320232, ""4.8338835940451945""], [1737322032, ""5.216948888902769""], [1737323832, ""5.021338856188519""], [1737325632, ""4.646276092693101""], [1737327432, ""4.992423170128674""], [1737329232, ""4.729339275587459""], [1737331032, ""4.782601095250479""], [1737332832, ""5.096182501619016""], [1737334632, ""5.576787239527848""], [1737336432, ""5.175688700240227""], [1737338232, ""5.182258190663838""], [1737340032, ""99.64329086893903""], [1737341832, ""90.2598418089499""], [1737343632, ""96.2324444774281""], [1737345432, ""5.0389638166342845""], [1737347232, ""4.900621441606823""], [1737349032, ""5.154761638673308""], [1737350832, ""5.018791535230389""], [1737352632, ""4.626900366416494""], [1737354432, ""5.110190876514689""], [1737356232, ""5.314769635404982""], [1737358032, ""4.637090793610797""], [1737359832, ""4.786784025433886""], [1737361632, ""5.228516818730968""], [1737363432, ""4.888352282931911""], [1737365232, ""5.02735873960166""], [1737367032, ""5.0421673133413965""], [1737368832, ""5.342881632914307""], [1737370632, ""4.9813305080983765""], [1737372432, ""5.015490284982878""], [1737374232, ""5.104013358444696""], [1737376032, ""5.094320766670433""], [1737377832, ""4.7726052897448294""], [1737379632, ""5.237090325008364""], [1737381432, ""4.885828141200372""], [1737383232, ""5.2036019379398155""], [1737385032, ""5.014545910889722""], [1737386832, ""5.164361720420092""], [1737388632, ""5.249331659643438""], [1737390432, ""4.846976342552784""], [1737392232, ""4.792728250380699""], [1737394032, ""4.7413684460459""], [1737395832, ""5.10095748369116""], [1737397632, ""4.8088338997037345""], [1737399432, ""4.953314413035489""], [1737401232, ""5.158806566119349""], [1737403032, ""4.990059856426941""], [1737404832, ""4.777974667482887""], [1737406632, ""5.037892315574082""], [1737408432, ""5.2302179670149185""], [1737410232, ""4.479020745681796""], [1737412032, ""5.087052657028153""], [1737413832, ""4.903842856269123""], [1737415632, ""4.948443196006184""], [1737417432, ""5.263071644247393""], [1737419232, ""4.7886472306447665""], [1737421032, ""4.9076833446866805""], [1737422832, ""4.917276496907776""], [1737424632, ""5.445689990177921""], [1737426432, ""88.8456807953002""], [1737428232, ""92.84998784331643""], [1737430032, ""100""], [1737431832, ""5.395836583966017""], [1737433632, ""4.680392014958787""], [1737435432, ""5.613028515457993""], [1737437232, ""4.872523581424877""], [1737439032, ""5.090084271910778""], [1737440832, ""5.010632367011846""], [1737442632, ""4.92963191562168""], [1737444432, ""5.064088138292628""], [1737446232, ""4.642909509362564""], [1737448032, ""4.9164511569532925""], [1737449832, ""4.569614094077498""], [1737451632, ""4.476978954607376""], [1737453432, ""4.955092625500429""], [1737455232, ""4.827851743886871""], [1737457032, ""4.901479170041744""], [1737458832, ""4.401977094431183""], [1737460632, ""4.723022573565645""], [1737462432, ""5.064821069125197""], [1737464232, ""5.413441010682571""], [1737466032, ""5.063119685150037""], [1737467832, ""4.971295997382435""], [1737469632, ""5.007296667135346""], [1737471432, ""4.919537049997476""], [1737473232, ""4.88124015032321""], [1737475032, ""5.22192864244238""], [1737476832, ""5.133084487532535""], [1737478632, ""5.0338249188525355""], [1737480432, ""5.265274466060389""], [1737482232, ""5.108387629693771""], [1737484032, ""5.241142848257992""], [1737485832, ""4.951741589603527""], [1737487632, ""5.022994298041078""], [1737489432, ""4.928559007174794""], [1737491232, ""5.643367429615089""], [1737493032, ""5.014937319340358""], [1737494832, ""4.824923160539713""], [1737496632, ""4.952838992566708""], [1737498432, ""5.138911912737786""], [1737500232, ""5.4192846623376445""], [1737502032, ""5.290227328806185""], [1737503832, ""5.267797752249287""], [1737505632, ""5.259321446644583""], [1737507432, ""4.767318624283018""], [1737509232, ""4.896739515418213""], [1737511032, ""4.765728536801923""], [1737512832, ""98.3401227102479""], [1737514632, ""93.423207116001""], [1737516432, ""94.55971394531062""], [1737518232, ""4.924816630815243""], [1737520032, ""4.628731135805138""], [1737521832, ""4.872488221020707""], [1737523632, ""4.896583829267819""], [1737525432, ""4.626966040801046""], [1737527232, ""4.765372322298198""], [1737529032, ""4.674232821797002""], [1737530832, ""5.402275336688038""], [1737532632, ""4.986071143663108""], [1737534432, ""5.368535135548462""], [1737536232, ""5.104817778223148""], [1737538032, ""5.24942688158714""], [1737539832, ""5.500154148572702""], [1737541632, ""5.32667546986332""], [1737543432, ""4.75974590856612""], [1737545232, ""4.440559527385752""], [1737547032, ""5.253766483535884""], [1737548832, ""5.026319307828654""], [1737550632, ""5.398046823878185""], [1737552432, ""5.274602411531627""], [1737554232, ""4.823451453486982""], [1737556032, ""5.218188452153834""], [1737557832, ""4.950573904456822""], [1737559632, ""4.627781632304305""], [1737561432, ""5.016323441857689""], [1737563232, ""4.972925372329275""], [1737565032, ""4.895263569337936""], [1737566832, ""4.932898369789978""], [1737568632, ""5.110828197076926""], [1737570432, ""5.044579382924131""], [1737572232, ""4.73497725196918""], [1737574032, ""4.658044827562696""], [1737575832, ""4.814039838847304""], [1737577632, ""4.780321618789767""], [1737579432, ""4.820335084348255""], [1737581232, ""5.151574506222826""], [1737583032, ""5.23989801593149""], [1737584832, ""5.211658796853684""], [1737586632, ""4.948919284810783""], [1737588432, ""5.230160932338754""], [1737590232, ""5.074481736060128""], [1737592032, ""5.512030679783355""], [1737593832, ""4.885885633718547""], [1737595632, ""5.120195147688241""], [1737597432, ""4.784806406093511""], [1737599232, ""96.36719394051823""], [1737601032, ""96.98169106544225""], [1737602832, ""98.88992905143166""], [1737604632, ""5.248135940820258""], [1737606432, ""5.288176468782756""], [1737608232, ""5.079662562201981""], [1737610032, ""4.909664217299833""], [1737611832, ""5.109442955619202""], [1737613632, ""4.69629449533139""], [1737615432, ""5.253531979241979""], [1737617232, ""5.109749259047351""], [1737619032, ""4.708194398334051""], [1737620832, ""4.740934540816968""], [1737622632, ""4.398482045005576""], [1737624432, ""5.107363598495862""], [1737626232, ""4.865813127835592""], [1737628032, ""5.046598172877484""], [1737629832, ""4.597965914703673""], [1737631632, ""4.758622346673278""], [1737633432, ""5.198205910042337""], [1737635232, ""4.6940810462888924""], [1737637032, ""4.891958497058592""], [1737638832, ""5.205958749051533""], [1737640632, ""4.762826992040511""], [1737642432, ""4.666714196537595""], [1737644232, ""5.214758634129356""], [1737646032, ""5.252920745430648""], [1737647832, ""4.891557370266822""], [1737649632, ""4.82194815111462""], [1737651432, ""4.8398541739347785""], [1737653232, ""4.892398724231898""], [1737655032, ""5.315718644232932""], [1737656832, ""4.797956293946199""], [1737658632, ""4.652574447746016""], [1737660432, ""5.174087172830055""], [1737662232, ""5.261411867890477""], [1737664032, ""5.293102179990551""], [1737665832, ""4.950497962990309""], [1737667632, ""5.2594173045991655""], [1737669432, ""4.956940499593306""], [1737671232, ""4.988363937236599""], [1737673032, ""5.0119298337232845""], [1737674832, ""4.902827513312997""], [1737676632, ""5.179696760663815""], [1737678432, ""4.775288449983519""], [1737680232, ""5.025814297743949""], [1737682032, ""5.006256533687809""], [1737683832, ""5.2529468294523""], [1737685632, ""94.08537154379513""], [1737687432, ""100""], [1737689232, ""100""], [1737691032, ""5.163081285772436""], [1737692832, ""4.978801761650469""], [1737694632, ""4.370673472032662""], [1737696432, ""4.95297073762325""], [1737698232, ""5.0143511067017315""], [1737700032, ""4.681066990961983""], [1737701832, ""4.76229919885188""], [1737703632, ""4.64186830746685""], [1737705432, ""5.264263933999856""], [1737707232, ""5.243036044986419""], [1737709032, ""5.140539495929661""], [1737710832, ""5.184861132465693""], [1737712632, ""5.1419248956381765""], [1737714432, ""4.702393300006018""], [1737716232, ""4.710730889603691""], [1737718032, ""4.987687987176425""], [1737719832, ""5.108455734352034""], [1737721632, ""5.016809601392915""], [1737723432, ""5.523187647449248""], [1737725232, ""4.955093576335183""], [1737727032, ""5.022191103586385""], [1737728832, ""4.743917815352801""], [1737730632, ""4.827366894926748""], [1737732432, ""5.198823646538207""], [1737734232, ""5.04151386448639""], [1737736032, ""5.059038106432308""], [1737737832, ""4.58459950126727""], [1737739632, ""4.828600082062929""], [1737741432, ""5.55552148676182""], [1737743232, ""5.588339832476743""], [1737745032, ""4.623453545440748""], [1737746832, ""5.671848401939551""], [1737748632, ""5.208127433678839""], [1737750432, ""4.849955329378253""], [1737752232, ""5.118367750164126""], [1737754032, ""5.001829992262693""], [1737755832, ""5.231755850607413""], [1737757632, ""5.210689650131762""], [1737759432, ""5.153448730250148""], [1737761232, ""5.347567766860864""], [1737763032, ""5.276401679326342""], [1737764832, ""5.3531555671522""], [1737766632, ""5.238854590063693""], [1737768432, ""5.506168030646516""], [1737770232, ""5.50932960898836""], [1737772032, ""99.80033578307439""], [1737773832, ""92.29332374209461""], [1737775632, ""96.66312067156409""], [1737777432, ""5.146492289781035""], [1737779232, ""4.945829127559423""], [1737781032, ""4.933789197736055""], [1737782832, ""5.1777925298250365""], [1737784632, ""5.055734929122656""], [1737786432, ""5.259712420866277""], [1737788232, ""4.576703203091498""], [1737790032, ""4.835123600398364""], [1737791832, ""4.913946527999022""], [1737793632, ""4.956441861124517""], [1737795432, ""4.986937741147133""], [1737797232, ""5.318667312508049""], [1737799032, ""5.373968942875622""], [1737800832, ""4.955512410816062""], [1737802632, ""4.796957961832114""], [1737804432, ""5.299059733190062""], [1737806232, ""5.065643674399192""], [1737808032, ""4.670375540170652""], [1737809832, ""5.044426598459662""], [1737811632, ""4.580936842717891""], [1737813432, ""5.294519422498162""], [1737815232, ""5.01221838647913""], [1737817032, ""5.013818118487722""], [1737818832, ""5.029707853296238""], [1737820632, ""4.764193594495507""], [1737822432, ""5.106265725477865""], [1737824232, ""4.760957281775324""], [1737826032, ""4.495093461940049""], [1737827832, ""5.299088204609299""], [1737829632, ""4.823675114852306""], [1737831432, ""4.941195650103124""], [1737833232, ""5.610573409391481""], [1737835032, ""5.229475983141178""], [1737836832, ""4.738043089052815""], [1737838632, ""5.5266960580068005""], [1737840432, ""4.836154849197271""], [1737842232, ""5.063222838993484""], [1737844032, ""4.412260360704215""], [1737845832, ""5.405403235079179""], [1737847632, ""4.93152101445942""], [1737849432, ""4.8233455105329925""], [1737851232, ""4.944486984574889""], [1737853032, ""4.648140132779415""], [1737854832, ""5.142540629090573""], [1737856632, ""5.2765130196641366""], [1737858432, ""94.42324722454975""], [1737860232, ""89.29048671340564""], [1737862032, ""88.13954327903078""], [1737863832, ""4.351837819734351""], [1737865632, ""5.256353991188181""], [1737867432, ""5.005282624749994""], [1737869232, ""4.455270458903681""], [1737871032, ""4.931387063492793""], [1737872832, ""5.362718640587971""], [1737874632, ""4.831894468434536""], [1737876432, ""4.745884421798362""], [1737878232, ""5.091183660669451""], [1737880032, ""4.709569503015637""], [1737881832, ""5.112352541181331""], [1737883632, ""5.048132671540335""], [1737885432, ""4.965793170605019""], [1737887232, ""5.061174160710829""], [1737889032, ""5.177017833885273""], [1737890832, ""4.880956915057699""], [1737892632, ""4.912962870702584""], [1737894432, ""4.895646656097083""], [1737896232, ""4.981331722885015""], [1737898032, ""4.902821260848294""], [1737899832, ""4.764399474142321""], [1737901632, ""5.355174168194904""], [1737903432, ""4.877071502221212""], [1737905232, ""4.401514468549129""], [1737907032, ""4.946170599814348""], [1737908832, ""4.402792888136243""], [1737910632, ""4.814468728123188""], [1737912432, ""4.656677836068225""], [1737914232, ""4.43292373892497""], [1737916032, ""5.237909011560098""], [1737917832, ""5.135160938351806""], [1737919632, ""5.1845539781297925""], [1737921432, ""5.534897748400137""], [1737923232, ""5.12822127106439""], [1737925032, ""4.521354318475548""], [1737926832, ""4.894699328694487""], [1737928632, ""5.318775415777511""], [1737930432, ""5.260726497550725""], [1737932232, ""4.461846785549162""], [1737934032, ""5.55471467659235""], [1737935832, ""5.266017056365705""], [1737937632, ""5.27740816516262""], [1737939432, ""4.911310921893489""], [1737941232, ""5.253525168843846""], [1737943032, ""5.215219136090846""], [1737944832, ""100""], [1737946632, ""99.9429775612137""], [1737948432, ""100""], [1737950232, ""4.949702618171931""], [1737952032, ""4.757831836610769""], [1737953832, ""4.911446288655338""], [1737955632, ""4.943608182040996""], [1737957432, ""4.849739005538397""], [1737959232, ""5.033486898158266""], [1737961032, ""5.210263687921294""], [1737962832, ""4.974165675293752""], [1737964632, ""4.521769719309541""], [1737966432, ""5.154921047450537""], [1737968232, ""4.47695055308189""], [1737970032, ""4.954828387568286""], [1737971832, ""4.753418316336371""], [1737973632, ""5.3010534489757575""], [1737975432, ""4.830818291085809""], [1737977232, ""4.982661513600218""], [1737979032, ""5.191941997214538""], [1737980832, ""4.912481374796095""], [1737982632, ""4.783811255320869""], [1737984432, ""4.938421436759026""], [1737986232, ""5.40575045562194""], [1737988032, ""5.1468202752179915""], [1737989832, ""5.113880971700552""], [1737991632, ""4.85713490893065""], [1737993432, ""5.1395801216737524""], [1737995232, ""4.680226858240149""], [1737997032, ""5.218342655143466""], [1737998832, ""5.0189380469324085""], [1738000632, ""4.772610053070877""], [1738002432, ""5.145198912671676""], [1738004232, ""4.930113286503609""], [1738006032, ""5.104080533324452""], [1738007832, ""5.2802011754026275""], [1738009632, ""4.997086222478138""], [1738011432, ""4.785414244691564""], [1738013232, ""5.289723333461466""], [1738015032, ""5.388833357601066""], [1738016832, ""5.255149270905829""], [1738018632, ""5.118578702302482""], [1738020432, ""4.9446189272750765""], [1738022232, ""5.244540452964878""], [1738024032, ""4.741895257099753""], [1738025832, ""4.76665003778521""], [1738027632, ""5.025482677872017""], [1738029432, ""4.873873493165575""], [1738031232, ""100""], [1738033032, ""100""]]}]}}"